,Game_ID,Home_ID,Away_ID,Attendance,Points_Home,Points_Away,Fouls_Home,Fouls_Away,Referee_1,Referee_2,Referee_3,Off_Rating_Home,Off_Rating_Away
0,0021900002,1610612746,1610612747,19068,112,102,25,24,200834,201640,203592,115.5,105.2
1,0021900001,1610612761,1610612740,20787,130,122,24,34,200833,201639,2529,113.0,108.9
2,0021900008,1610612755,1610612738,20422,107,93,34,29,201245,2882,1151,103.9,90.3
3,0021900010,1610612759,1610612752,18354,120,111,18,32,202053,1628954,2714,110.1,100.9
4,0021900012,1610612756,1610612758,18055,124,95,25,24,202058,1628951,1194,112.7,88.0
5,0021900006,1610612751,1610612750,17732,126,127,30,22,1204,2003,202041,107.7,106.7
6,0021900005,1610612753,1610612739,18846,94,85,18,15,201637,201638,2715,94.0,85.0
7,0021900007,1610612748,1610612763,19600,120,101,33,31,202026,1628481,101284,105.3,88.6
8,0021900013,1610612757,1610612743,19991,100,108,25,23,1162,1626300,201246,98.0,104.9
9,0021900011,1610612762,1610612760,18306,100,95,31,23,203592,201640,202027,99.0,94.1
10,0021900004,1610612754,1610612765,17923,110,119,28,21,202049,1830,202035,106.8,115.5
11,0021900009,1610612742,1610612764,19816,108,100,22,32,1627964,202007,1174,103.8,96.2
12,0021900003,1610612766,1610612741,15424,126,125,18,20,204058,1188,1179,120.0,120.2
13,0021900016,1610612744,1610612746,18064,122,141,21,24,101283,1626300,1162,113.0,133.0
14,0021900015,1610612745,1610612749,18055,111,117,25,27,204059,1199,2005,101.8,107.3
15,0021900014,1610612765,1610612737,20338,100,117,20,15,203591,1626302,1146,104.2,119.4
16,0021900025,1610612747,1610612762,18997,95,86,21,25,2714,1201,201246,99.0,90.5
17,0021900019,1610612751,1610612752,17732,113,109,26,31,1628172,1179,2004,103.7,100.0
18,0021900017,1610612738,1610612761,18624,112,106,20,28,1193,1204,2530,106.7,101.9
19,0021900024,1610612758,1610612757,17583,112,122,26,23,1628159,201639,2148,105.7,117.3
20,0021900023,1610612743,1610612756,19557,108,107,26,35,202053,203593,201640,100.0,100.9
21,0021900018,1610612766,1610612750,14879,99,121,29,21,1174,1627961,200833,93.4,114.2
22,0021900020,1610612763,1610612741,17794,102,110,21,21,1148,202037,1627524,96.2,103.8
23,0021900022,1610612760,1610612764,18203,85,97,18,21,200834,202035,2003,82.5,92.4
24,0021900021,1610612740,1610612742,17027,116,123,22,19,202058,1198,2534,111.5,118.3
25,0021900033,1610612759,1610612764,18354,124,122,19,15,1626300,2529,201245,124.0,123.2
26,0021900031,1610612741,1610612761,21498,84,108,22,25,202035,202026,1830,79.2,101.9
27,0021900029,1610612752,1610612738,19812,95,118,26,26,2715,1627541,2002,94.1,115.7
28,0021900035,1610612756,1610612746,15802,130,122,34,32,202027,1627962,2714,123.8,117.3
29,0021900032,1610612745,1610612740,18055,126,123,22,30,101284,203592,202049,113.5,110.8
30,0021900030,1610612739,1610612754,19432,110,99,20,27,202056,2882,203591,111.1,100.0
31,0021900027,1610612765,1610612755,16207,111,117,28,26,202007,1626301,202041,102.8,106.4
32,0021900026,1610612749,1610612748,17467,126,131,32,30,1151,1627964,1626302,102.4,107.4
33,0021900034,1610612762,1610612758,18306,113,81,22,19,1162,101283,203593,115.3,82.7
34,0021900028,1610612737,1610612753,17078,103,99,26,15,1188,1199,204058,101.0,98.0
35,0021900040,1610612747,1610612766,18997,120,101,22,20,201639,200832,1627962,117.6,100.0
36,0021900038,1610612742,1610612757,19707,119,121,22,30,1204,201638,2004,110.2,113.1
37,0021900039,1610612750,1610612748,17049,116,109,17,23,1628953,1148,202037,112.6,104.8
38,0021900037,1610612763,1610612751,15517,134,133,29,22,1627961,200834,1174,114.5,113.7
39,0021900036,1610612760,1610612744,18203,120,92,26,15,201637,2534,202058,116.5,89.3
40,0021900048,1610612759,1610612757,18083,113,110,19,27,1188,202058,2534,104.6,100.0
41,0021900042,1610612752,1610612741,19812,105,98,19,22,202041,202901,203591,110.5,103.2
42,0021900049,1610612756,1610612762,14805,95,96,31,26,202049,1628159,2529,92.2,93.2
43,0021900051,1610612746,1610612766,19068,111,96,24,23,1201,101284,202007,109.9,95.0
44,0021900045,1610612745,1610612760,18055,116,112,24,27,101283,1627541,2882,112.6,108.7
45,0021900041,1610612765,1610612754,13565,96,94,18,18,1627519,202026,2530,100.0,97.9
46,0021900046,1610612749,1610612739,17385,129,112,15,22,1162,203593,201245,122.9,105.7
47,0021900043,1610612737,1610612755,14094,103,105,25,29,1628172,1198,1179,97.2,99.1
48,0021900050,1610612758,1610612743,15870,94,101,21,18,1627964,2714,200832,102.2,108.6
49,0021900044,1610612761,1610612753,19800,104,95,20,20,1151,2002,1627524,99.0,91.3
50,0021900047,1610612740,1610612744,17307,123,134,20,22,1627963,204058,2003,111.8,121.8
51,0021900054,1610612747,1610612763,18997,120,91,19,27,201638,1199,1627964,109.1,82.7
52,0021900052,1610612748,1610612737,19600,112,97,22,29,201246,1626300,2003,106.7,93.3
53,0021900053,1610612743,1610612742,16605,106,109,24,14,202027,202037,201639,114.0,117.2
54,0021900057,1610612755,1610612750,20204,117,95,27,21,202053,203591,2148,106.4,86.4
55,0021900065,1610612744,1610612756,18064,110,121,22,22,101284,200832,202007,102.8,113.1
56,0021900059,1610612751,1610612754,17083,108,118,19,24,1193,1627524,1194,106.9,115.7
57,0021900058,1610612738,1610612749,18624,116,105,20,21,1830,203592,204059,114.9,102.9
58,0021900056,1610612753,1610612752,17456,95,83,17,15,1146,201246,1627962,106.7,93.3
59,0021900055,1610612739,1610612741,17595,117,111,21,24,1627963,1179,2002,120.6,113.3
60,0021900063,1610612762,1610612746,18306,110,96,18,22,201638,1204,201639,111.1,98.0
61,0021900064,1610612758,1610612766,15416,111,118,19,17,2715,202049,1626302,108.8,115.7
62,0021900061,1610612764,1610612745,20476,158,159,27,24,1148,202041,1626301,141.1,142.0
63,0021900060,1610612761,1610612765,19800,125,113,22,15,1627961,201245,201640,121.4,108.7
64,0021900062,1610612760,1610612757,18203,99,102,21,30,2529,1155,1198,93.4,95.3
65,0021900068,1610612746,1610612759,19068,103,97,23,28,202049,1199,1627964,102.0,96.0
66,0021900066,1610612737,1610612748,16539,97,106,15,18,1146,200833,202026,100.0,109.3
67,0021900067,1610612740,1610612743,16613,122,107,21,24,1174,2004,2005,118.4,103.9
68,0021900076,1610612744,1610612759,18064,110,127,22,19,201638,2715,1626302,111.1,128.3
69,0021900073,1610612741,1610612765,20671,112,106,18,21,2003,203592,1628172,112.0,105.0
70,0021900069,1610612751,1610612745,17732,123,116,21,21,201246,2530,201245,111.8,105.5
71,0021900072,1610612738,1610612752,18624,104,102,16,23,201640,1188,202058,107.2,104.1
72,0021900071,1610612753,1610612749,15105,91,123,16,19,2148,1193,1155,88.3,119.4
73,0021900070,1610612754,1610612739,16079,102,95,24,21,1151,202901,203591,96.2,89.6
74,0021900074,1610612742,1610612747,20358,110,119,21,21,2882,200834,1201,99.1,106.3
75,0021900075,1610612758,1610612762,16273,102,101,23,18,101284,202007,202037,108.5,105.2
76,0021900083,1610612744,1610612766,18064,87,93,22,15,2004,1199,1628951,95.6,101.1
77,0021900079,1610612753,1610612743,17025,87,91,25,14,1627961,101283,200833,92.6,96.8
78,0021900078,1610612765,1610612751,17222,113,109,18,24,201637,1626300,2534,110.8,105.8
79,0021900084,1610612757,1610612755,19669,128,129,21,23,1628159,101284,202027,121.9,121.7
80,0021900082,1610612749,1610612761,17637,115,105,22,22,1148,1627962,200832,116.2,104.0
81,0021900080,1610612764,1610612750,15150,109,131,18,23,1628954,2005,2530,94.0,113.9
82,0021900081,1610612763,1610612756,14144,105,114,23,20,1146,1198,1627541,102.9,111.8
83,0021900077,1610612760,1610612740,18203,115,104,20,25,2714,1627534,2002,111.7,101.0
84,0021900088,1610612759,1610612747,18610,96,103,18,22,2148,1162,203593,93.2,98.1
85,0021900087,1610612752,1610612758,19812,92,113,23,29,204058,1830,202056,94.8,116.5
86,0021900090,1610612746,1610612762,19068,105,94,25,30,2715,1179,1626302,109.4,96.9
87,0021900089,1610612739,1610612742,18078,111,131,14,21,1193,1194,1627529,112.1,133.7
88,0021900086,1610612748,1610612745,19724,129,100,21,24,1151,1627964,203592,117.3,92.6
89,0021900085,1610612754,1610612741,17073,108,95,24,21,2882,202053,1201,103.8,91.3
90,0021900096,1610612744,1610612757,18064,127,118,17,23,1204,1174,2002,127.0,118.0
91,0021900095,1610612756,1610612755,14285,114,109,24,29,2004,202037,1199,107.5,103.8
92,0021900092,1610612751,1610612740,17194,135,125,18,26,1628954,2882,204059,121.6,111.6
93,0021900094,1610612750,1610612749,16271,106,134,23,20,1198,201640,202035,95.5,119.6
94,0021900091,1610612764,1610612765,13052,115,99,23,20,2529,1627541,200834,117.3,100.0
95,0021900093,1610612763,1610612745,14197,100,107,21,21,101283,1627962,202058,97.1,102.9
96,0021900100,1610612741,1610612747,21193,112,118,21,18,101284,1627529,201246,107.7,112.4
97,0021900098,1610612739,1610612738,17709,113,119,18,23,2530,202007,1628481,109.7,115.5
98,0021900099,1610612737,1610612759,14025,108,100,20,17,202056,200832,2003,104.9,98.0
99,0021900102,1610612743,1610612748,18010,109,89,21,21,1148,201245,202027,111.2,90.8
100,0021900097,1610612766,1610612754,13341,122,120,17,34,1162,200834,203593,114.0,113.2
101,0021900101,1610612760,1610612753,18203,102,94,23,24,202041,1201,202053,107.4,100.0
102,0021900111,1610612746,1610612749,19068,124,129,28,28,203591,2004,2534,106.0,110.3
103,0021900107,1610612745,1610612744,18055,129,112,20,12,202026,1830,200833,126.5,109.8
104,0021900103,1610612765,1610612752,15463,122,102,17,20,1628953,202049,201638,123.2,104.1
105,0021900110,1610612762,1610612755,18306,106,104,21,20,2002,1174,1626301,106.0,105.1
106,0021900104,1610612754,1610612764,16171,121,106,25,26,1627534,201640,202007,118.6,102.9
107,0021900105,1610612737,1610612741,15049,93,113,26,30,1626302,2714,203593,87.7,104.6
108,0021900109,1610612742,1610612753,19487,107,106,23,30,204059,1627962,1179,107.0,105.0
109,0021900106,1610612761,1610612758,19800,124,120,20,23,1193,201639,1627519,120.4,117.6
110,0021900108,1610612763,1610612750,13503,137,121,22,22,1627963,2715,1626300,128.0,113.1
111,0021900113,1610612759,1610612760,18354,121,112,21,14,1830,200833,201637,123.5,114.3
112,0021900114,1610612756,1610612748,15498,108,124,21,28,2148,1626301,2002,106.9,122.8
113,0021900115,1610612746,1610612757,19068,107,101,14,27,201245,204058,1148,101.9,97.1
114,0021900112,1610612766,1610612738,18487,87,108,19,19,2003,1201,2005,83.7,103.8
115,0021900126,1610612747,1610612748,18997,95,80,24,12,2004,1155,1174,100.0,85.1
116,0021900117,1610612753,1610612763,17021,118,86,17,22,1151,202026,203593,115.7,86.0
117,0021900125,1610612757,1610612751,20089,115,119,24,25,203591,202053,2534,115.0,119.0
118,0021900124,1610612762,1610612749,18306,103,100,27,26,1188,2148,202058,97.2,94.3
119,0021900116,1610612754,1610612765,15544,112,106,16,26,1199,1628954,204059,116.7,108.2
120,0021900119,1610612737,1610612758,16447,109,121,19,19,202041,1628159,202037,118.5,131.5
121,0021900122,1610612742,1610612752,20257,102,106,21,20,1628481,200832,2714,100.0,103.9
122,0021900123,1610612743,1610612755,19520,100,97,16,19,1627961,1198,2530,104.2,100.0
123,0021900120,1610612750,1610612744,15647,125,119,23,26,202027,1146,1628951,105.0,98.3
124,0021900118,1610612764,1610612739,16946,100,113,24,17,201639,202049,203592,102.0,115.3
125,0021900121,1610612740,1610612761,16337,104,122,23,24,101283,1179,1627524,95.4,113.0
126,0021900127,1610612759,1610612738,18354,115,135,22,25,2882,201246,1627962,108.5,128.6
127,0021900129,1610612741,1610612745,20482,94,117,22,21,2715,1628951,201638,86.2,108.3
128,0021900128,1610612766,1610612740,18513,110,115,27,28,1193,2529,1628172,102.8,106.5
129,0021900131,1610612760,1610612744,18203,114,108,17,18,1148,200832,201245,112.9,106.9
130,0021900130,1610612763,1610612742,15753,122,138,22,14,101284,202049,202056,116.2,130.2
131,0021900134,1610612755,1610612766,20311,114,106,16,19,1830,201637,202037,114.0,106.0
132,0021900139,1610612747,1610612761,18997,104,113,20,17,202058,2534,1188,102.0,111.9
133,0021900136,1610612752,1610612739,19812,87,108,26,19,201640,202027,202035,87.9,110.2
134,0021900137,1610612756,1610612751,17290,138,112,17,24,1155,1174,204058,129.0,104.7
135,0021900133,1610612753,1610612754,17118,102,109,10,13,1626300,2002,201639,109.7,118.5
136,0021900138,1610612757,1610612737,20041,124,113,22,26,2530,2005,1198,109.7,101.8
137,0021900132,1610612750,1610612743,13553,98,100,23,30,203591,202007,1179,90.7,92.6
138,0021900135,1610612760,1610612749,18203,119,121,20,21,1199,101283,1627961,109.2,112.0
139,0021900144,1610612744,1610612762,18064,108,122,24,16,1155,204058,2882,106.9,120.8
140,0021900143,1610612759,1610612763,18627,109,113,17,20,202041,202901,1193,110.1,113.0
141,0021900141,1610612738,1610612742,18624,116,106,27,26,1628954,2715,200834,126.1,114.0
142,0021900145,1610612746,1610612761,19068,98,88,21,24,2005,204059,2530,96.1,86.3
143,0021900140,1610612765,1610612750,12526,114,120,22,23,200833,2529,1626302,112.9,120.0
144,0021900142,1610612740,1610612745,16695,116,122,23,22,201246,101284,202056,106.4,111.9
145,0021900147,1610612755,1610612739,20294,98,97,20,13,1628159,2002,1151,102.1,99.0
146,0021900149,1610612741,1610612752,18668,120,102,25,28,202037,1148,1627524,116.5,99.0
147,0021900151,1610612756,1610612747,18055,115,123,22,21,1162,1198,203593,115.0,123.0
148,0021900148,1610612748,1610612765,19600,117,108,30,28,1627962,101283,202007,118.2,111.3
149,0021900152,1610612762,1610612751,18306,119,114,18,29,204059,1627541,2714,114.4,109.6
150,0021900146,1610612754,1610612760,15838,111,85,20,16,1627964,1626302,2004,111.0,85.0
151,0021900153,1610612758,1610612757,16358,107,99,25,19,1201,201640,202026,108.1,101.0
152,0021900150,1610612743,1610612737,18327,121,125,24,21,1188,2534,202058,121.0,125.0
153,0021900159,1610612747,1610612744,18997,120,94,18,14,202026,2530,2005,121.2,95.9
154,0021900156,1610612738,1610612764,19156,140,133,26,23,201638,203591,202027,129.6,124.3
155,0021900155,1610612753,1610612755,15113,112,97,22,27,203592,202007,202041,108.7,95.1
156,0021900157,1610612745,1610612746,18055,102,93,17,21,1146,2529,1204,102.0,93.0
157,0021900160,1610612757,1610612761,19544,106,114,16,20,2882,1155,204058,108.2,116.3
158,0021900154,1610612766,1610612763,13155,117,119,12,21,200832,1626301,2715,112.5,114.4
159,0021900158,1610612750,1610612759,11581,129,114,25,23,1627963,200834,202049,126.5,110.7
160,0021900162,1610612752,1610612742,19812,106,103,27,16,1626300,2002,1199,110.4,107.3
161,0021900165,1610612756,1610612737,15143,128,112,24,31,1627541,201640,204059,114.3,100.0
162,0021900161,1610612739,1610612748,17374,97,108,16,21,1627963,201639,200833,99.0,109.1
163,0021900163,1610612749,1610612741,17627,124,115,22,29,1151,202049,1628172,109.7,101.8
164,0021900166,1610612743,1610612751,18394,101,93,14,14,1627964,2148,1162,102.0,92.1
165,0021900164,1610612740,1610612746,17147,132,127,25,22,2003,1628953,200832,125.7,119.8
166,0021900173,1610612744,1610612738,18064,100,105,19,24,2714,202037,1193,95.2,101.0
167,0021900174,1610612747,1610612758,18997,99,97,18,22,2882,1627541,1179,105.3,104.3
168,0021900168,1610612753,1610612759,16296,111,109,13,25,201245,2529,1626302,116.8,114.7
169,0021900169,1610612745,1610612754,18055,111,102,23,25,1174,202007,1201,111.0,102.0
170,0021900171,1610612750,1610612764,12716,116,137,20,22,1830,201637,203592,104.5,123.4
171,0021900167,1610612766,1610612765,16778,109,106,17,19,202041,202027,202901,112.4,110.4
172,0021900172,1610612760,1610612755,18203,127,119,23,32,1204,202026,1146,123.3,115.5
173,0021900170,1610612763,1610612762,16422,107,106,23,16,1148,200834,2005,102.9,103.9
174,0021900181,1610612759,1610612757,18534,116,121,17,20,1146,200833,1626301,111.5,115.2
175,0021900175,1610612741,1610612751,19148,111,117,30,30,200832,202056,101284,100.9,107.3
176,0021900177,1610612752,1610612766,19401,102,103,21,18,1151,203591,1627961,113.3,113.2
177,0021900182,1610612746,1610612737,19068,150,101,28,27,101283,1162,203593,137.6,92.7
178,0021900178,1610612748,1610612740,19600,109,94,6,16,1188,201638,2534,114.7,98.9
179,0021900176,1610612754,1610612749,17024,83,102,10,13,2530,1627963,1198,80.6,101.0
180,0021900180,1610612742,1610612761,19926,110,102,15,20,201639,1628172,201246,106.8,100.0
181,0021900179,1610612750,1610612745,18978,105,125,20,18,1627964,202058,1626300,105.0,125.0
182,0021900188,1610612747,1610612737,18997,122,101,19,19,1193,1628953,2714,120.8,100.0
183,0021900185,1610612753,1610612764,16344,125,121,15,21,1148,1627529,202049,122.5,119.8
184,0021900183,1610612739,1610612755,19432,95,114,21,22,204059,2715,1627534,93.1,112.9
185,0021900184,1610612758,1610612738,16633,100,99,24,14,1627962,2148,202053,104.2,103.1
186,0021900186,1610612763,1610612743,14227,114,131,17,24,2003,202901,203592,109.6,126.0
187,0021900187,1610612740,1610612744,16812,108,100,21,19,200834,1201,1174,110.2,101.0
188,0021900192,1610612741,1610612749,17565,101,115,25,16,2003,202026,1626301,97.1,110.6
189,0021900189,1610612752,1610612739,17097,123,105,24,26,202058,202056,101284,128.1,109.4
190,0021900195,1610612756,1610612738,15193,85,99,17,21,1628953,201246,1179,85.9,98.0
191,0021900190,1610612751,1610612754,14140,86,115,19,22,2715,204058,1628951,87.8,118.6
192,0021900197,1610612746,1610612760,19068,90,88,25,19,201639,202053,1627962,93.8,92.6
193,0021900193,1610612745,1610612757,18055,132,108,21,21,1199,1628954,200834,123.4,101.9
194,0021900196,1610612762,1610612750,18306,102,112,23,25,1162,101283,203593,96.2,104.7
195,0021900194,1610612742,1610612759,19637,117,110,19,18,201640,201638,1188,120.6,113.4
196,0021900191,1610612761,1610612766,19800,132,96,25,19,2529,1198,1627963,134.7,98.0
197,0021900201,1610612747,1610612760,18997,112,107,20,22,202037,202027,1830,115.5,109.2
198,0021900200,1610612758,1610612756,16732,120,116,26,20,2714,1204,1193,117.6,113.7
199,0021900198,1610612763,1610612744,14511,95,114,23,24,201245,202041,1627541,96.9,114.0
200,0021900199,1610612740,1610612757,15021,115,104,15,23,1148,202049,1627964,111.7,101.0
201,0021900202,1610612755,1610612752,20384,109,104,14,25,203592,204058,1174,112.4,107.2
202,0021900209,1610612741,1610612765,18119,109,89,24,20,1628953,2002,1146,109.0,89.0
203,0021900205,1610612751,1610612766,14011,101,91,21,23,2003,1628481,202026,100.0,91.0
204,0021900212,1610612746,1610612738,19068,107,104,18,22,200833,1830,202007,100.0,97.2
205,0021900206,1610612748,1610612739,19600,124,100,20,23,201637,2004,1199,121.6,98.0
206,0021900204,1610612737,1610612749,16441,127,135,26,25,201640,1626300,203591,112.4,120.5
207,0021900208,1610612742,1610612744,19569,142,94,21,16,1155,2530,202053,142.0,94.0
208,0021900211,1610612743,1610612745,17778,105,95,21,22,1627962,201639,1179,108.2,97.9
209,0021900210,1610612750,1610612762,13177,95,103,20,21,204059,1628954,2882,97.9,107.3
210,0021900203,1610612764,1610612759,14579,138,132,20,13,2005,202058,1628159,131.4,123.4
211,0021900207,1610612761,1610612753,19800,113,97,21,16,202901,2148,2534,116.5,99.0
212,0021900214,1610612756,1610612740,13903,121,124,19,25,202027,200833,201639,117.5,119.2
213,0021900213,1610612749,1610612757,17385,137,129,20,27,1626302,101284,202041,126.9,121.7
214,0021900218,1610612755,1610612759,20927,115,104,21,15,2148,201245,2534,116.2,105.1
215,0021900219,1610612741,1610612748,18953,108,116,24,17,1162,203593,202053,109.1,117.2
216,0021900217,1610612751,1610612758,15619,116,97,18,25,201246,201640,202056,116.0,96.0
217,0021900224,1610612746,1610612745,19068,122,119,32,27,1201,201638,2715,114.0,110.2
218,0021900215,1610612765,1610612737,15399,128,103,17,18,202041,1628159,200832,129.3,105.1
219,0021900223,1610612762,1610612744,18306,113,109,14,18,1151,202007,202035,111.9,107.9
220,0021900221,1610612742,1610612739,19639,143,101,18,15,1627524,1626300,1179,150.5,105.2
221,0021900222,1610612743,1610612738,19520,96,92,17,19,2002,1146,1626301,98.0,93.9
222,0021900216,1610612764,1610612766,15053,125,118,13,18,1628951,101283,204058,117.9,111.3
223,0021900220,1610612760,1610612747,18203,127,130,23,20,203591,2530,1155,123.3,123.8
224,0021900230,1610612755,1610612748,21017,113,86,27,16,1627529,101283,2529,117.7,90.5
225,0021900229,1610612752,1610612759,19320,104,111,22,17,1193,1148,1628172,103.0,109.9
226,0021900231,1610612739,1610612757,19432,110,104,14,20,1628951,204058,2003,112.2,107.2
227,0021900233,1610612749,1610612765,17585,104,90,14,18,1162,203593,2004,102.0,89.1
228,0021900234,1610612762,1610612740,18306,128,120,21,24,1204,2715,201638,120.8,111.1
229,0021900227,1610612754,1610612753,16446,111,106,14,16,200833,101284,1188,113.3,108.2
230,0021900228,1610612737,1610612761,16931,116,119,27,16,202037,1627964,1174,114.9,119.0
231,0021900225,1610612750,1610612756,17362,98,100,23,17,202026,1199,1628481,96.1,99.0
232,0021900226,1610612766,1610612741,17891,115,116,17,20,201245,202058,1627962,117.3,119.6
233,0021900232,1610612763,1610612747,17794,108,109,19,14,2714,1626302,1628954,110.2,109.0
234,0021900236,1610612752,1610612751,18770,101,103,29,16,1627541,200834,202049,106.3,108.4
235,0021900239,1610612746,1610612740,19068,134,109,21,26,1146,1179,1626301,131.4,106.9
236,0021900235,1610612745,1610612742,18055,123,137,26,22,2002,203591,2882,112.8,124.5
237,0021900238,1610612743,1610612756,19520,116,104,16,18,1151,202035,202007,126.1,111.8
238,0021900237,1610612764,1610612758,15885,106,113,23,17,1155,2148,204059,105.0,111.9
239,0021900250,1610612744,1610612760,18064,97,100,17,16,1146,201638,1626301,99.0,104.2
240,0021900249,1610612759,1610612747,18498,104,114,22,18,2715,1626300,200832,113.0,121.3
241,0021900247,1610612741,1610612757,18776,94,117,20,20,1174,101283,1627964,94.0,115.8
242,0021900244,1610612738,1610612758,19156,103,102,16,18,2529,201245,202901,114.4,112.1
243,0021900240,1610612739,1610612751,17143,106,108,14,21,1188,1193,202041,111.6,113.7
244,0021900245,1610612748,1610612766,19600,117,100,23,24,1628954,2714,1198,119.4,104.2
245,0021900241,1610612765,1610612753,14695,103,88,20,21,202027,1627963,204059,109.6,91.7
246,0021900248,1610612749,1610612762,17385,122,118,15,23,2534,202026,201637,120.8,115.7
247,0021900242,1610612754,1610612763,15141,126,114,11,16,202037,1148,203593,123.5,114.0
248,0021900243,1610612737,1610612750,16218,113,125,25,25,203592,2004,201246,107.6,119.0
249,0021900246,1610612761,1610612755,19800,101,96,18,20,101284,202049,202056,107.4,102.1
250,0021900251,1610612742,1610612746,20407,99,114,21,27,200833,101283,204058,93.4,106.5
251,0021900252,1610612743,1610612764,18673,117,104,20,22,1204,2003,202053,107.3,94.5
252,0021900257,1610612755,1610612758,20592,97,91,12,19,202007,202058,1627962,98.0,91.9
253,0021900266,1610612744,1610612741,18064,104,90,17,20,1626302,1628159,2003,104.0,90.9
254,0021900262,1610612759,1610612750,18354,101,113,18,19,1627524,2530,204058,101.0,110.8
255,0021900263,1610612756,1610612764,14123,132,140,21,20,1146,2004,1201,123.4,130.8
256,0021900253,1610612738,1610612751,19156,121,110,17,22,1148,1198,1627964,118.6,108.9
257,0021900259,1610612745,1610612748,18055,117,108,22,24,202041,200832,1627961,112.5,105.9
258,0021900255,1610612739,1610612753,17712,104,116,15,22,202049,1162,202056,100.0,111.5
259,0021900265,1610612757,1610612760,19870,136,119,32,21,1179,200834,1627963,133.3,115.5
260,0021900261,1610612749,1610612737,17525,111,102,23,25,1193,201639,1627534,111.0,101.0
261,0021900256,1610612754,1610612762,17027,121,102,19,21,201245,1151,1628953,119.8,101.0
262,0021900254,1610612766,1610612765,15535,102,101,18,18,1199,202026,202037,113.3,113.5
263,0021900258,1610612761,1610612752,19800,126,98,18,17,1155,202027,204059,131.3,102.1
264,0021900260,1610612763,1610612746,16721,119,121,22,24,201640,1626300,201246,111.2,112.0
265,0021900264,1610612740,1610612747,18626,110,114,23,24,2534,203592,2002,106.8,112.9
266,0021900276,1610612759,1610612746,18354,107,97,15,17,101284,202053,1628481,104.9,95.1
267,0021900279,1610612747,1610612764,18997,125,103,20,23,1179,1627963,201246,115.7,94.5
268,0021900271,1610612752,1610612755,18109,95,101,33,23,1198,2882,1626301,100.0,105.2
269,0021900277,1610612756,1610612742,18055,113,120,29,24,2003,200834,1628159,113.0,118.8
270,0021900267,1610612751,1610612738,17732,112,107,24,14,1155,1199,201638,107.7,103.9
271,0021900269,1610612753,1610612761,17014,83,90,19,20,2530,1628172,1193,85.6,91.8
272,0021900270,1610612739,1610612749,19432,110,119,22,15,1628953,2714,202027,110.0,119.0
273,0021900273,1610612748,1610612744,19600,122,105,30,23,203592,1151,2715,123.2,105.0
274,0021900268,1610612765,1610612766,15006,107,110,16,17,202035,204058,1830,120.2,125.0
275,0021900278,1610612757,1610612741,20139,107,103,21,22,2004,2148,1204,108.1,103.0
276,0021900272,1610612754,1610612737,15827,105,104,20,27,201640,2002,202901,95.5,94.5
277,0021900274,1610612763,1610612762,16605,94,103,17,15,203591,2529,200832,96.9,107.3
278,0021900275,1610612760,1610612740,18203,109,104,17,12,1174,1627962,1626300,104.8,101.0
279,0021900281,1610612755,1610612754,20517,119,116,16,24,1627541,1146,201638,117.8,114.9
280,0021900282,1610612745,1610612737,18055,158,111,23,23,1188,101284,202026,147.7,105.7
281,0021900283,1610612749,1610612766,17550,137,96,13,18,204059,202058,200833,135.6,95.0
282,0021900280,1610612758,1610612743,17583,100,97,23,21,1626302,202041,1201,99.0,94.2
283,0021900287,1610612747,1610612742,18997,100,114,14,20,2148,2529,1204,101.0,112.9
284,0021900285,1610612752,1610612738,18005,104,113,25,28,201639,2005,1628953,106.1,114.1
285,0021900284,1610612751,1610612748,17026,106,109,21,17,202053,2534,201637,107.1,110.1
286,0021900292,1610612746,1610612764,19068,150,125,25,29,200834,1626302,202041,130.4,108.7
287,0021900290,1610612753,1610612744,15052,100,96,20,17,1198,1627961,1148,104.2,100.0
288,0021900288,1610612765,1610612759,14270,132,98,14,15,202056,1162,101283,133.3,97.0
289,0021900286,1610612750,1610612763,12276,107,115,21,26,1628951,2003,2004,100.9,108.5
290,0021900291,1610612761,1610612762,18132,130,110,24,17,202035,204058,1830,125.0,106.8
291,0021900289,1610612740,1610612760,15427,104,107,22,14,1155,1151,2882,107.2,111.5
292,0021900294,1610612755,1610612762,20208,103,94,22,26,201640,202049,203593,99.0,91.3
293,0021900297,1610612749,1610612752,17385,132,88,23,21,2715,1626300,101283,130.7,86.3
294,0021900295,1610612737,1610612744,14278,104,79,12,20,1199,1626301,202053,109.5,82.3
295,0021900298,1610612758,1610612741,17257,106,113,26,20,202037,200834,2529,106.0,114.1
296,0021900293,1610612766,1610612756,11221,104,109,23,21,1627541,202027,2714,104.0,107.9
297,0021900296,1610612763,1610612754,11919,104,117,20,22,202026,1627964,1174,105.1,117.0
298,0021900303,1610612759,1610612745,18354,135,133,27,30,1628951,202041,1148,109.8,107.3
299,0021900305,1610612746,1610612757,19068,117,97,15,23,1627962,1162,2002,118.2,96.0
300,0021900299,1610612739,1610612765,17504,94,127,11,16,2534,202007,1627519,100.0,132.3
301,0021900304,1610612743,1610612747,19658,96,105,25,23,202058,1628159,1193,96.0,104.0
302,0021900300,1610612764,1610612753,13159,120,127,23,18,201639,202035,201638,116.5,121.0
303,0021900301,1610612761,1610612748,19800,110,121,20,27,201245,1627534,201640,100.9,110.0
304,0021900302,1610612740,1610612742,14664,97,118,19,14,1146,204059,200833,96.0,118.0
305,0021900311,1610612741,1610612763,15017,106,99,22,28,1199,202049,1628481,103.9,99.0
306,0021900310,1610612738,1610612748,19156,112,93,20,25,1204,202026,2882,117.9,97.9
307,0021900308,1610612753,1610612756,15176,128,114,19,20,1151,2004,202056,130.6,117.5
308,0021900307,1610612765,1610612749,15742,103,127,19,18,2005,202053,2003,99.0,121.0
309,0021900315,1610612757,1610612758,19393,127,116,18,17,1628159,202058,201246,124.5,116.0
310,0021900314,1610612762,1610612747,18306,96,121,24,17,1162,2002,1627962,97.0,122.2
311,0021900309,1610612737,1610612751,15694,118,130,19,20,2530,202007,1627529,114.6,127.5
312,0021900313,1610612742,1610612750,19671,121,114,16,21,2714,202037,1627961,124.7,118.8
313,0021900306,1610612766,1610612744,14355,106,91,20,12,1174,1626302,1627964,114.0,97.8
314,0021900312,1610612760,1610612754,18203,100,107,19,21,2715,1188,1198,111.1,118.9
315,0021900317,1610612752,1610612743,18171,92,129,16,19,203592,1830,200833,92.0,130.3
316,0021900316,1610612764,1610612755,16554,119,113,20,24,203591,1626301,2882,116.7,109.7
317,0021900318,1610612761,1610612745,19800,109,119,21,24,200834,1627541,2003,105.8,115.5
318,0021900319,1610612740,1610612756,15607,132,139,29,29,1193,1628951,1148,112.8,119.8
319,0021900328,1610612759,1610612758,18354,105,104,16,20,2005,1155,2714,100.0,99.0
320,0021900325,1610612741,1610612744,18841,98,100,20,19,204058,2715,203177,105.4,106.4
321,0021900323,1610612738,1610612743,19156,108,95,23,15,203593,200834,2530,113.7,99.0
322,0021900321,1610612739,1610612753,18446,87,93,19,13,202026,1627524,101283,92.6,98.9
323,0021900324,1610612748,1610612764,19600,112,103,13,20,2004,1188,1174,116.7,107.3
324,0021900329,1610612757,1610612747,19912,113,136,25,23,202027,101284,1201,104.6,127.1
325,0021900322,1610612765,1610612754,14894,108,101,17,18,1626302,1627962,1146,111.3,104.1
326,0021900327,1610612749,1610612746,17732,119,91,23,19,202049,1627964,201640,113.3,85.8
327,0021900320,1610612766,1610612751,15075,104,111,16,21,200832,202035,201639,109.5,114.4
328,0021900326,1610612760,1610612750,18203,139,127,20,29,2148,1162,201637,128.7,121.0
329,0021900332,1610612755,1610612739,20844,141,94,16,17,201639,1628954,201246,138.2,94.0
330,0021900331,1610612752,1610612754,19110,103,104,14,17,1199,1628481,202037,104.0,105.1
331,0021900333,1610612745,1610612756,18055,115,109,28,25,2529,201245,1626301,106.5,101.9
332,0021900334,1610612762,1610612763,18306,126,112,25,19,1198,1627529,101284,124.8,110.9
333,0021900330,1610612742,1610612740,19456,130,84,17,23,1151,1628953,202007,127.5,80.8
334,0021900338,1610612755,1610612761,20313,110,104,18,22,1627963,1193,1148,110.0,104.0
335,0021900342,1610612747,1610612750,18997,142,125,19,18,2882,204059,1627541,137.9,120.2
336,0021900335,1610612751,1610612743,16679,105,102,15,23,2002,1188,2004,108.2,105.2
337,0021900337,1610612748,1610612741,19600,110,105,23,31,1626300,202056,2148,108.9,104.0
338,0021900341,1610612757,1610612760,19393,96,108,26,22,1627961,202053,101283,101.1,113.7
339,0021900340,1610612742,1610612758,19566,106,110,11,16,201638,2003,1627524,116.5,123.6
340,0021900339,1610612764,1610612746,15946,119,135,22,26,203593,203592,202058,115.5,131.1
341,0021900336,1610612766,1610612737,15489,107,122,17,24,1155,2534,204058,110.3,124.5
342,0021900351,1610612744,1610612763,18064,102,110,21,20,101283,1627961,202027,96.2,102.8
343,0021900345,1610612741,1610612761,14775,92,93,20,12,2534,201638,1627519,91.1,91.2
344,0021900349,1610612756,1610612750,13230,125,109,23,23,1198,101284,1627529,125.0,109.0
345,0021900344,1610612738,1610612739,19156,110,88,19,11,1179,203592,1627963,118.3,93.6
346,0021900346,1610612745,1610612758,18055,118,119,20,17,1174,202901,203591,118.0,119.0
347,0021900350,1610612762,1610612760,18306,90,104,16,20,2882,1151,1628953,89.1,102.0
348,0021900347,1610612749,1610612753,17385,110,101,19,18,2529,200834,1628954,105.8,98.1
349,0021900343,1610612754,1610612746,14644,99,110,21,16,200832,1830,1204,90.8,102.8
350,0021900348,1610612740,1610612765,13694,103,105,22,20,202049,2715,203177,101.0,104.0
351,0021900353,1610612755,1610612743,20591,97,92,15,14,1628172,1162,204058,100.0,94.8
352,0021900354,1610612748,1610612737,19600,135,121,17,23,1146,2002,201245,125.0,113.1
353,0021900355,1610612757,1610612752,19393,115,87,21,18,2530,204059,1627541,112.7,86.1
354,0021900352,1610612766,1610612764,10626,114,107,26,24,1628159,200833,2715,117.5,111.5
355,0021900366,1610612744,1610612752,18064,122,124,25,24,1628953,2882,1198,110.9,112.7
356,0021900361,1610612741,1610612737,15084,136,102,25,20,200833,1188,1179,125.9,96.2
357,0021900363,1610612756,1610612763,13254,108,115,20,28,202053,1155,1151,101.9,106.5
358,0021900360,1610612751,1610612766,15631,108,113,21,23,201246,1201,2529,113.7,118.9
359,0021900358,1610612753,1610612747,18846,87,96,17,17,202037,1628159,1174,92.6,103.2
360,0021900356,1610612739,1610612745,17122,110,116,15,14,1626302,201640,1628172,118.3,122.1
361,0021900364,1610612749,1610612740,17385,127,112,17,17,1627962,1199,200832,121.0,104.7
362,0021900357,1610612754,1610612738,15637,122,117,18,27,1627524,2003,1193,120.8,114.7
363,0021900365,1610612758,1610612760,16723,94,93,21,16,204059,2530,1627534,96.9,95.9
364,0021900362,1610612750,1610612762,12369,116,127,19,22,1628481,101283,201639,116.0,128.3
365,0021900359,1610612761,1610612746,20144,92,112,24,21,2714,203591,202007,91.1,109.8
366,0021900368,1610612759,1610612739,18354,109,117,21,22,202026,2715,1627541,99.1,108.3
367,0021900367,1610612738,1610612755,19156,109,115,25,19,2534,1627961,202041,117.2,123.7
368,0021900369,1610612765,1610612742,20064,111,122,16,21,203592,101284,202056,113.3,122.0
369,0021900370,1610612743,1610612757,18828,114,99,13,16,1626300,200834,1148,126.7,108.8
370,0021900372,1610612755,1610612740,20620,116,109,24,29,201245,1188,2714,116.0,109.0
371,0021900375,1610612741,1610612766,18377,73,83,20,16,1193,2004,202901,75.3,83.8
372,0021900371,1610612753,1610612745,16335,107,130,15,20,2003,203177,200832,117.6,142.9
373,0021900374,1610612748,1610612747,20013,110,113,21,23,204058,201640,203591,110.0,114.1
374,0021900379,1610612762,1610612744,18306,114,106,20,26,1155,204059,1146,115.2,108.2
375,0021900373,1610612737,1610612754,15121,100,110,20,21,201638,202027,1627963,94.3,103.8
376,0021900378,1610612758,1610612752,17583,101,103,18,18,1363,203593,1151,109.8,113.2
377,0021900377,1610612750,1610612746,17585,117,124,26,30,1626301,1626302,2529,108.3,113.8
378,0021900376,1610612763,1610612749,16109,114,127,26,21,1179,202049,1201,106.5,118.7
379,0021900382,1610612741,1610612746,18426,109,106,25,17,1628159,1148,201245,110.1,107.1
380,0021900380,1610612756,1610612759,20013,119,121,24,22,1830,2002,1627964,101.7,103.4
381,0021900386,1610612745,1610612765,18055,107,115,19,15,2530,1628954,101283,101.9,109.5
382,0021900385,1610612749,1610612739,17481,125,108,17,19,2148,200833,202901,123.8,105.9
383,0021900384,1610612742,1610612748,20333,118,122,27,18,1162,202035,200834,107.3,109.9
384,0021900387,1610612743,1610612760,19520,110,102,23,23,2715,1626301,202007,111.1,104.1
385,0021900381,1610612761,1610612751,19800,110,102,23,20,202026,1627961,202058,100.0,92.7
386,0021900383,1610612763,1610612764,15631,128,111,24,22,1626300,202041,1627962,120.8,102.8
387,0021900393,1610612744,1610612758,18064,79,100,17,20,1204,201639,1662,83.2,106.4
388,0021900391,1610612751,1610612755,17732,109,89,23,20,1628481,2882,2148,106.9,86.4
389,0021900389,1610612754,1610612766,16061,107,85,25,21,202053,202049,203177,109.2,86.7
390,0021900390,1610612737,1610612747,16962,96,101,27,24,2004,1201,2529,90.6,95.3
391,0021900392,1610612743,1610612752,18867,111,105,9,19,201638,1155,1146,119.4,114.1
392,0021900388,1610612740,1610612753,15388,119,130,21,15,202027,204058,203591,121.4,130.0
393,0021900400,1610612756,1610612757,14193,110,111,21,27,1363,201639,1626301,105.8,106.7
394,0021900396,1610612745,1610612759,18055,109,107,19,22,202035,1199,1193,98.2,98.2
395,0021900394,1610612765,1610612764,14632,119,133,19,27,201640,1627529,204058,120.2,134.3
396,0021900398,1610612749,1610612742,17727,116,120,23,23,202007,1628951,2714,111.5,115.4
397,0021900395,1610612761,1610612739,19800,133,113,19,15,1174,202053,1627962,133.0,114.1
398,0021900397,1610612763,1610612748,14021,118,111,20,26,1188,1198,202058,120.4,112.1
399,0021900399,1610612760,1610612741,18203,109,106,15,21,202056,1146,1626302,109.0,106.0
400,0021900403,1610612752,1610612737,18268,143,120,21,21,2003,2148,1628172,134.9,112.1
401,0021900406,1610612746,1610612756,19068,120,99,15,23,201638,1179,1155,113.2,93.4
402,0021900405,1610612762,1610612753,18306,109,102,16,18,1662,2534,200833,110.1,104.1
403,0021900402,1610612754,1610612747,17923,105,102,21,19,1628481,1626300,1148,111.7,109.7
404,0021900401,1610612766,1610612758,13229,110,102,18,22,203591,201245,202027,119.6,109.7
405,0021900404,1610612740,1610612751,15177,101,108,19,22,1204,202041,2002,94.4,100.9
406,0021900410,1610612755,1610612748,20715,104,108,17,14,203593,101284,202007,106.1,110.2
407,0021900407,1610612739,1610612766,17023,100,98,21,20,2882,200832,1627963,108.7,107.7
408,0021900408,1610612765,1610612761,15319,99,112,17,20,1198,1628953,1199,99.0,112.0
409,0021900415,1610612757,1610612744,19393,122,112,22,23,2534,200833,201638,118.4,109.8
410,0021900413,1610612742,1610612738,20181,103,109,20,21,202026,202056,1146,106.2,110.1
411,0021900414,1610612743,1610612753,18182,113,104,17,19,1193,1628159,201639,115.3,106.1
412,0021900411,1610612750,1610612740,12490,99,107,18,19,201246,2005,1174,98.0,104.9
413,0021900409,1610612764,1610612741,14987,109,110,20,24,1628954,2530,202053,100.0,100.9
414,0021900412,1610612760,1610612763,18203,126,122,16,25,1162,2002,1628951,122.3,117.3
415,0021900418,1610612759,1610612751,18354,118,105,19,21,1662,1151,1627524,112.4,99.1
416,0021900419,1610612746,1610612745,19068,117,122,24,20,202037,204058,201640,109.3,115.1
417,0021900417,1610612749,1610612747,18051,111,104,25,24,1830,201245,204059,113.3,107.2
418,0021900416,1610612737,1610612762,16739,106,111,27,17,1148,1204,202007,98.1,104.7
419,0021900425,1610612755,1610612742,20778,98,117,16,17,1155,1174,1198,97.0,114.7
420,0021900429,1610612744,1610612740,18064,106,102,24,19,1627964,1179,2534,101.9,98.1
421,0021900422,1610612738,1610612765,19156,114,93,19,16,1626301,202058,1626302,109.6,90.3
422,0021900420,1610612739,1610612763,19432,114,107,12,17,201246,202901,1146,115.2,105.9
423,0021900424,1610612748,1610612752,19704,129,114,22,25,2882,1627961,202053,127.7,114.0
424,0021900428,1610612757,1610612753,19393,118,103,24,16,201640,202037,202035,115.7,100.0
425,0021900421,1610612754,1610612758,14649,119,105,15,15,2005,101284,203593,122.7,109.4
426,0021900427,1610612743,1610612750,19520,109,100,22,15,202026,1162,1628951,111.2,103.1
427,0021900423,1610612761,1610612764,19800,122,118,25,28,203592,1628172,2148,113.0,110.3
428,0021900426,1610612760,1610612756,18203,126,108,23,29,1628159,202027,202049,128.6,110.2
429,0021900433,1610612755,1610612764,20529,125,108,26,21,2003,1627541,202058,121.4,106.9
430,0021900436,1610612759,1610612746,18354,109,134,20,19,203591,2002,2529,103.8,128.8
431,0021900434,1610612752,1610612749,18124,102,123,27,16,201637,2004,203592,94.4,115.0
432,0021900437,1610612756,1610612745,16061,125,139,18,23,203177,1162,202026,122.5,136.3
433,0021900431,1610612751,1610612737,16496,122,112,18,22,201245,1155,1199,110.9,102.8
434,0021900432,1610612765,1610612741,15948,107,119,20,13,1151,1204,201638,108.1,119.0
435,0021900438,1610612757,1610612750,19393,113,106,21,18,1188,1830,204058,108.7,101.0
436,0021900430,1610612766,1610612762,16187,107,114,25,27,202041,1626300,1627962,112.6,118.8
437,0021900435,1610612763,1610612758,15603,119,115,16,23,1148,202007,1628954,115.5,111.7
438,0021900443,1610612747,1610612743,18997,104,128,25,19,202027,201640,1627964,107.2,133.3
439,0021900440,1610612738,1610612766,19156,119,93,24,17,204059,201639,1627524,129.3,101.1
440,0021900441,1610612749,1610612754,18029,117,89,7,15,1628172,2534,201246,115.8,88.1
441,0021900439,1610612761,1610612742,19800,110,107,21,22,1626301,2530,2005,108.9,104.9
442,0021900442,1610612760,1610612746,18203,118,112,20,23,2148,203593,202053,115.7,110.9
443,0021900454,1610612744,1610612750,18064,113,104,27,18,202037,203177,201640,107.6,98.1
444,0021900447,1610612752,1610612764,19413,115,121,25,12,1148,202901,1662,115.0,121.0
445,0021900451,1610612756,1610612743,16041,111,113,19,24,2529,1188,204058,109.9,111.9
446,0021900448,1610612753,1610612741,18846,103,95,15,17,2882,101283,1627963,102.0,96.0
447,0021900444,1610612739,1610612737,18007,121,118,16,20,1198,1626301,202041,109.0,104.4
448,0021900449,1610612748,1610612762,19890,107,104,16,21,202049,2003,201638,105.9,104.0
449,0021900445,1610612765,1610612755,16476,109,125,14,21,2530,201246,1627524,112.4,127.6
450,0021900452,1610612757,1610612740,19499,94,102,17,19,202026,1628951,1162,93.1,103.0
451,0021900446,1610612754,1610612761,17164,120,115,22,22,1155,1151,203591,113.2,108.5
452,0021900453,1610612758,1610612745,17583,104,113,24,22,1830,1193,1627964,102.0,109.7
453,0021900450,1610612763,1610612759,16776,115,145,19,14,201245,1199,1628953,110.6,138.1
454,0021900456,1610612755,1610612749,21028,121,109,12,15,1146,1626302,2002,124.7,111.2
455,0021900457,1610612744,1610612745,18064,116,104,18,25,203592,2529,2714,111.5,100.0
456,0021900458,1610612747,1610612746,18997,106,111,23,17,200834,1162,1193,105.0,111.0
457,0021900459,1610612743,1610612740,19520,100,112,15,14,201245,202058,1830,103.1,114.3
458,0021900455,1610612761,1610612738,19800,102,118,13,22,1198,101284,2004,102.0,118.0
459,0021900461,1610612751,1610612752,17732,82,94,19,27,2534,1627962,202007,82.0,94.0
460,0021900460,1610612765,1610612764,17188,132,102,23,25,101284,1627519,204059,133.3,103.0
461,0021900465,1610612762,1610612757,18306,121,115,18,21,202027,2882,203592,127.4,119.8
462,0021900464,1610612758,1610612750,17583,104,105,23,20,2714,202901,200834,90.4,90.5
463,0021900463,1610612742,1610612759,20427,102,98,11,16,2715,1627524,200833,102.0,99.0
464,0021900462,1610612760,1610612763,18203,97,110,14,14,1204,1179,200832,100.0,112.2
465,0021900471,1610612744,1610612756,18064,105,96,17,21,202058,1627963,2003,102.9,94.1
466,0021900466,1610612738,1610612739,19156,129,117,23,17,202035,1626300,201640,127.7,115.8
467,0021900468,1610612753,1610612755,17311,98,97,21,22,1627964,202026,202049,96.1,95.1
468,0021900470,1610612748,1610612754,19767,113,112,12,16,1626302,1627534,2530,116.5,115.5
469,0021900469,1610612737,1610612749,17358,86,112,18,13,1155,201639,202037,80.4,103.7
470,0021900467,1610612766,1610612760,18418,102,104,27,23,2002,2004,202056,97.1,99.0
471,0021900482,1610612744,1610612742,18064,121,141,19,17,200834,1199,1628172,115.2,134.3
472,0021900481,1610612759,1610612765,18524,136,109,20,15,202007,1628951,1179,133.3,106.9
473,0021900477,1610612741,1610612737,21496,116,81,15,16,202027,2002,1628953,116.0,80.2
474,0021900473,1610612738,1610612761,19156,97,113,17,32,1627962,1146,201245,98.0,114.1
475,0021900485,1610612746,1610612762,19068,107,120,18,20,1148,200832,1627963,110.3,123.7
476,0021900478,1610612745,1610612751,18306,108,98,15,15,1627541,1626302,2715,105.9,95.1
477,0021900475,1610612748,1610612755,19865,117,116,21,24,2005,203591,201639,112.5,111.5
478,0021900484,1610612757,1610612747,19960,120,128,22,25,202901,2003,202058,118.8,126.7
479,0021900480,1610612749,1610612753,17920,111,100,13,17,204058,1151,1626301,109.9,99.0
480,0021900483,1610612758,1610612756,17583,110,112,16,21,201246,203592,2148,113.4,114.3
481,0021900479,1610612750,1610612739,15411,88,94,29,21,101283,202053,1204,84.6,90.4
482,0021900472,1610612743,1610612763,19697,119,110,20,24,203593,202041,2882,117.8,108.9
483,0021900476,1610612764,1610612752,19033,100,107,22,25,1155,202026,202049,95.2,100.9
484,0021900474,1610612740,1610612754,15391,120,98,18,16,1193,200833,2714,115.4,94.2
485,0021900490,1610612747,1610612742,18997,108,95,23,23,200832,203593,202041,106.9,94.1
486,0021900489,1610612743,1610612758,19520,120,115,18,26,1201,101283,204059,125.0,119.8
487,0021900486,1610612761,1610612760,19800,97,98,20,14,1662,2529,202035,102.1,103.2
488,0021900487,1610612763,1610612766,16842,117,104,20,19,201640,202037,1627534,117.0,103.0
489,0021900488,1610612740,1610612745,17712,127,112,17,16,202007,2004,1627961,128.3,114.3
490,0021900493,1610612741,1610612749,21954,102,123,20,17,1627964,203591,2530,98.1,120.6
491,0021900491,1610612753,1610612737,17784,93,101,17,20,1627961,2715,1626302,94.9,104.1
492,0021900496,1610612757,1610612756,19896,116,122,19,17,202053,1628172,1148,117.2,124.5
493,0021900495,1610612762,1610612765,18306,104,81,21,20,202901,200834,1199,109.5,84.4
494,0021900494,1610612750,1610612751,15824,122,115,22,25,200833,1151,203592,102.5,97.5
495,0021900492,1610612764,1610612748,20476,123,105,27,22,1628481,202027,1162,125.5,107.1
496,0021900502,1610612759,1610612744,18354,117,113,18,14,1627534,202026,2882,115.8,110.8
497,0021900501,1610612745,1610612743,18055,130,104,17,22,201640,202056,1662,130.0,105.1
498,0021900498,1610612754,1610612755,17923,115,97,16,22,1201,101283,2529,119.8,102.1
499,0021900499,1610612758,1610612746,16231,87,105,23,17,1204,202037,202041,92.6,112.9
500,0021900497,1610612766,1610612738,19216,92,109,16,16,1628953,204058,2148,94.8,112.4
501,0021900500,1610612761,1610612739,19800,117,97,15,19,201638,1628954,201639,123.2,100.0
502,0021900503,1610612760,1610612742,18203,106,101,21,24,101284,203177,204059,110.4,103.1
503,0021900507,1610612747,1610612756,18997,117,107,17,28,201246,1628159,1199,115.8,105.9
504,0021900505,1610612752,1610612757,19812,117,93,14,11,1174,1193,1628951,117.0,93.9
505,0021900506,1610612749,1610612750,17819,106,104,22,25,202007,1627963,1148,102.9,99.0
506,0021900504,1610612764,1610612753,14921,101,122,23,21,2005,1627962,2004,98.1,117.3
507,0021900514,1610612759,1610612760,18354,103,109,22,14,201638,1627964,202041,113.2,117.2
508,0021900511,1610612741,1610612762,19398,98,102,15,17,1201,101283,202058,104.3,108.5
509,0021900516,1610612746,1610612765,19068,126,112,22,23,101284,201246,1626300,122.3,108.7
510,0021900508,1610612739,1610612766,17859,106,109,22,15,2529,203177,200834,111.6,114.7
511,0021900510,1610612748,1610612761,19939,84,76,13,12,1627541,2002,2715,92.3,85.4
512,0021900509,1610612754,1610612743,16688,116,124,21,21,202035,2148,200832,124.7,131.9
513,0021900513,1610612742,1610612751,20289,123,111,21,21,1627529,2882,202027,124.2,112.1
514,0021900515,1610612758,1610612763,17351,128,123,24,25,2530,202049,1628159,118.5,113.9
515,0021900512,1610612750,1610612744,15477,99,84,20,20,204059,1155,1146,102.1,86.6
516,0021900522,1610612747,1610612740,18997,123,113,14,20,202049,2530,1626300,119.4,109.7
517,0021900521,1610612756,1610612752,18055,120,112,25,26,1204,101284,1662,115.4,107.7
518,0021900517,1610612738,1610612737,19156,109,106,16,24,202053,2004,2005,106.9,102.9
519,0021900518,1610612753,1610612748,17198,105,85,17,20,1151,203592,202056,108.2,87.6
520,0021900520,1610612745,1610612755,18055,118,108,24,22,202026,1162,203591,115.7,106.9
521,0021900519,1610612764,1610612757,17945,103,122,28,21,2148,1627961,201245,108.4,129.8
522,0021900532,1610612744,1610612765,18064,104,111,19,25,202027,1201,202037,103.0,109.9
523,0021900529,1610612741,1610612738,21130,104,111,22,22,203592,202041,1626302,106.1,114.4
524,0021900524,1610612751,1610612761,17732,102,121,24,25,1628172,201640,204058,103.0,121.0
525,0021900523,1610612746,1610612763,19068,114,140,22,23,200833,202058,201639,106.5,130.8
526,0021900525,1610612753,1610612762,16913,96,109,12,10,2002,1627541,1146,104.3,119.8
527,0021900527,1610612739,1610612760,19432,106,121,26,16,1148,1628953,1193,108.2,122.2
528,0021900531,1610612749,1610612759,18002,127,118,22,20,2529,200832,1627961,119.8,113.5
529,0021900526,1610612737,1610612754,16420,116,111,28,24,202056,1199,203591,118.4,113.3
530,0021900530,1610612742,1610612766,20327,120,123,25,22,1162,1627534,201246,117.6,121.8
531,0021900533,1610612758,1610612740,16808,115,117,24,25,2715,202007,202035,107.5,109.3
532,0021900528,1610612764,1610612743,16233,128,114,28,23,200834,2882,1628954,128.0,115.2
533,0021900538,1610612747,1610612765,18997,106,99,22,22,201639,1204,1662,105.0,97.1
534,0021900537,1610612756,1610612763,14181,114,121,19,22,1626300,203593,2715,110.7,116.3
535,0021900534,1610612746,1610612752,19068,135,132,27,26,202049,2530,1626301,127.4,124.5
536,0021900536,1610612739,1610612750,16159,103,118,13,19,1628951,1151,201245,103.0,116.8
537,0021900535,1610612748,1610612757,19846,122,111,17,15,1830,202026,1628481,125.8,114.4
538,0021900541,1610612755,1610612760,20561,120,113,28,22,2005,2004,200832,122.4,114.1
539,0021900546,1610612759,1610612749,18354,126,104,16,15,201246,1155,101284,129.9,106.1
540,0021900540,1610612753,1610612751,15008,101,89,19,19,1198,1148,1627524,100.0,87.3
541,0021900543,1610612737,1610612743,15286,115,123,22,23,1146,203592,1627962,121.1,129.5
542,0021900545,1610612742,1610612741,20238,118,110,12,21,202007,1199,1628172,124.2,115.8
543,0021900547,1610612758,1610612744,15819,111,98,23,18,202058,1626301,200833,103.7,89.9
544,0021900539,1610612766,1610612754,13009,104,115,14,23,1193,1628481,2882,113.0,127.8
545,0021900542,1610612764,1610612738,17963,99,94,22,20,101283,201638,1627963,98.0,93.1
546,0021900544,1610612740,1610612762,14138,126,128,20,25,202901,203591,201640,127.3,130.6
547,0021900553,1610612747,1610612752,18997,117,87,19,20,202035,2148,2715,112.5,84.5
548,0021900552,1610612756,1610612758,14134,103,114,25,22,1627529,201639,202027,102.0,112.9
549,0021900550,1610612751,1610612760,15677,103,111,25,15,201245,1162,202037,92.0,99.1
550,0021900548,1610612739,1610612765,17274,113,115,19,15,204058,101283,1627541,115.3,118.6
551,0021900549,1610612761,1610612757,19800,99,101,21,15,1151,202053,1628953,103.1,105.2
552,0021900551,1610612763,1610612750,14117,119,112,18,23,101284,201638,1627519,112.3,107.7
553,0021900562,1610612744,1610612749,18064,98,107,30,19,2002,1174,1204,93.3,101.9
554,0021900554,1610612738,1610612759,19156,114,129,20,25,1179,1628172,204059,108.6,122.9
555,0021900557,1610612753,1610612764,16013,123,89,21,22,203591,1193,202041,120.6,85.6
556,0021900561,1610612762,1610612752,18306,128,104,15,17,1627961,200833,2003,133.3,108.3
557,0021900556,1610612754,1610612748,17040,108,122,18,22,201245,1188,2534,112.5,124.5
558,0021900558,1610612737,1610612745,16514,115,122,29,21,1626300,200834,202049,106.5,111.9
559,0021900559,1610612742,1610612743,20314,106,107,18,22,1830,2004,2005,109.3,112.6
560,0021900555,1610612766,1610612761,13965,110,112,21,23,2714,1627519,1662,111.1,113.1
561,0021900560,1610612740,1610612741,15324,123,108,16,23,202056,201246,1148,120.6,106.9
562,0021900564,1610612755,1610612738,20822,109,98,11,16,1155,1151,201640,113.5,103.2
563,0021900563,1610612765,1610612739,13445,112,115,25,18,1627964,1198,202058,109.8,112.7
564,0021900565,1610612750,1610612757,13720,116,102,28,21,1627962,202049,204058,117.2,103.0
565,0021900566,1610612760,1610612745,18203,113,92,13,21,203593,1830,201246,111.9,92.0
566,0021900570,1610612741,1610612754,20229,105,116,15,16,1179,2004,203177,107.1,118.4
567,0021900569,1610612752,1610612740,18003,111,123,16,16,101284,1626300,202026,104.7,115.0
568,0021900573,1610612756,1610612753,14562,98,94,21,23,1174,2002,1628953,102.1,98.9
569,0021900568,1610612751,1610612748,16011,117,113,15,20,1155,200834,202041,118.2,115.3
570,0021900576,1610612746,1610612744,19068,109,100,24,22,201638,2003,203592,106.9,97.1
571,0021900574,1610612762,1610612766,18306,109,92,20,16,202007,1627963,2534,116.0,97.9
572,0021900572,1610612742,1610612747,20542,114,129,20,27,2714,101283,1627961,112.9,131.6
573,0021900575,1610612758,1610612749,17583,106,127,24,12,1146,200832,1628951,96.4,114.4
574,0021900567,1610612764,1610612737,16360,111,101,22,26,201639,202037,1627964,103.7,93.5
575,0021900571,1610612763,1610612759,16448,134,121,20,17,200833,1626302,202027,132.7,118.6
576,0021900578,1610612738,1610612740,19156,140,105,23,19,1162,1628481,1662,130.8,99.1
577,0021900577,1610612745,1610612750,18055,139,109,24,18,1628172,1198,1199,121.9,95.6
578,0021900579,1610612765,1610612741,15951,99,108,20,21,1627962,202037,2148,104.2,114.9
579,0021900583,1610612757,1610612749,19843,101,122,20,16,2003,1627541,201638,94.4,111.9
580,0021900581,1610612742,1610612755,20244,109,91,20,20,202049,1148,1204,117.2,96.8
581,0021900582,1610612743,1610612739,19533,103,111,13,19,2002,2534,1627963,108.4,114.4
582,0021900580,1610612760,1610612747,18203,110,125,13,17,204059,1627534,2882,108.9,123.8
583,0021900584,1610612752,1610612748,18861,124,121,23,24,2005,202053,2004,129.2,127.4
584,0021900590,1610612756,1610612766,14751,100,92,19,19,203592,200832,1146,103.1,95.8
585,0021900586,1610612751,1610612737,15201,108,86,20,23,2148,1628481,2715,100.9,80.4
586,0021900589,1610612743,1610612746,19520,114,104,26,26,1628953,1174,202007,116.3,106.1
587,0021900585,1610612764,1610612762,15953,116,127,18,18,202058,1626302,203177,116.0,127.0
588,0021900587,1610612761,1610612759,19800,104,105,23,11,101283,204058,1627964,104.0,104.0
589,0021900588,1610612763,1610612744,16408,122,102,16,18,1830,1627524,1179,111.9,93.6
590,0021900597,1610612747,1610612739,18997,128,99,25,22,201246,1146,203592,129.3,99.0
591,0021900593,1610612738,1610612741,19156,113,101,19,22,1204,1193,1199,114.1,103.1
592,0021900591,1610612765,1610612740,13780,110,117,25,19,201640,1627529,1626302,98.2,106.4
593,0021900595,1610612757,1610612766,19111,115,112,21,20,202035,1151,200834,122.3,117.9
594,0021900592,1610612754,1610612755,15257,101,95,14,21,1627534,202053,201639,104.1,99.0
595,0021900596,1610612758,1610612753,16299,112,114,21,12,2882,1627541,201638,113.1,116.3
596,0021900594,1610612750,1610612760,11044,104,117,21,16,1628954,101284,1662,104.0,115.8
597,0021900602,1610612744,1610612742,18064,97,124,16,17,2882,200834,1628159,100.0,127.8
598,0021900599,1610612751,1610612762,15381,107,118,13,15,202027,1830,202026,110.3,122.9
599,0021900603,1610612746,1610612739,19068,128,103,12,21,202041,1162,1628951,129.3,104.0
600,0021900601,1610612749,1610612752,17590,128,102,22,21,1627519,2148,201640,116.4,91.9
601,0021900598,1610612737,1610612756,16060,123,110,25,19,1627961,1198,101283,119.4,105.8
602,0021900600,1610612763,1610612745,16181,121,110,19,23,2004,203591,1627962,123.5,112.2
603,0021900605,1610612755,1610612751,20416,117,106,23,22,1627962,204059,1199,117.0,107.1
604,0021900613,1610612747,1610612753,18997,118,119,20,15,203593,202053,202041,113.5,114.4
605,0021900607,1610612741,1610612764,19382,115,106,19,17,202026,2715,1627529,113.9,106.0
606,0021900604,1610612738,1610612765,19156,103,116,17,19,1188,2002,2003,107.3,120.8
607,0021900611,1610612745,1610612757,18055,107,117,22,19,2714,202007,1201,105.9,113.6
608,0021900606,1610612748,1610612759,19704,106,100,14,17,1174,201245,1627963,110.4,106.4
609,0021900612,1610612758,1610612742,17029,123,127,22,18,201246,1151,203592,121.8,127.0
610,0021900610,1610612743,1610612766,19520,100,86,18,24,1155,1662,202058,111.1,94.5
611,0021900608,1610612750,1610612754,12648,99,104,14,15,1626302,202901,2529,100.0,105.1
612,0021900609,1610612760,1610612761,18203,121,130,17,23,200833,202049,1626300,116.3,126.2
613,0021900617,1610612744,1610612743,18064,131,134,20,23,201246,203593,1162,113.9,116.5
614,0021900614,1610612752,1610612756,18215,98,121,21,22,202027,1204,2530,93.3,115.2
615,0021900618,1610612746,1610612753,19068,122,95,17,21,1179,1628159,200834,122.0,95.0
616,0021900615,1610612749,1610612738,17873,128,123,22,25,2534,203591,202037,121.9,116.0
617,0021900616,1610612740,1610612762,16717,138,132,27,29,2148,2005,201245,123.2,118.9
618,0021900620,1610612755,1610612741,20919,100,89,12,14,2002,101284,1626300,105.3,95.7
619,0021900624,1610612759,1610612737,18354,120,121,27,18,202058,1201,1148,113.2,115.2
620,0021900619,1610612754,1610612750,16248,116,114,20,19,204059,2004,1627964,114.9,115.2
621,0021900625,1610612742,1610612757,20283,120,112,17,22,1193,200833,1146,122.4,114.3
622,0021900621,1610612761,1610612764,19800,140,111,24,16,1830,200832,1627534,129.6,102.8
623,0021900622,1610612763,1610612739,17102,113,109,19,19,1628172,202037,1174,109.7,106.9
624,0021900623,1610612760,1610612748,18203,108,115,20,23,1151,1627524,1198,114.9,119.8
625,0021900634,1610612744,1610612753,18064,109,95,13,12,1188,2148,202026,110.1,95.0
626,0021900631,1610612741,1610612739,19939,118,116,24,18,1628953,202049,200834,116.8,114.9
627,0021900630,1610612752,1610612755,17812,87,90,18,19,201245,2003,1627961,92.6,96.8
628,0021900627,1610612751,1610612749,17732,97,117,19,16,201639,204058,1204,87.4,104.5
629,0021900628,1610612738,1610612756,19156,119,123,24,16,101284,1626302,1627529,111.2,115.0
630,0021900633,1610612745,1610612747,18502,115,124,26,27,2534,2005,2529,105.5,112.7
631,0021900636,1610612762,1610612758,18306,123,101,14,23,1155,1162,101283,128.1,105.2
632,0021900629,1610612737,1610612765,17056,103,136,20,18,202027,203177,204059,101.0,132.0
633,0021900632,1610612750,1610612761,16520,112,122,18,23,2530,203591,203593,104.7,115.1
634,0021900635,1610612760,1610612757,18203,119,106,20,28,2715,1627541,1662,119.0,107.1
635,0021900626,1610612740,1610612746,17959,130,133,26,29,1199,201638,203592,118.2,122.0
636,0021900637,1610612759,1610612748,18422,107,102,18,19,202037,1830,202056,113.8,109.7
637,0021900638,1610612743,1610612754,19520,107,115,19,25,2714,1627524,202053,110.3,121.1
638,0021900650,1610612756,1610612759,14847,118,120,19,23,2714,1627962,202053,120.4,122.4
639,0021900641,1610612751,1610612755,16801,111,117,23,24,202901,1626302,1148,106.7,110.4
640,0021900648,1610612738,1610612747,19156,139,107,26,23,204058,204059,1146,137.6,105.9
641,0021900645,1610612745,1610612760,18055,107,112,23,18,1627963,201246,202041,103.9,108.7
642,0021900643,1610612739,1610612752,17133,86,106,14,17,2534,1628954,200832,89.6,110.4
643,0021900644,1610612748,1610612758,19600,118,113,20,21,2005,2882,202035,110.3,104.6
644,0021900652,1610612757,1610612744,19493,129,124,19,25,1155,201640,101283,115.2,107.8
645,0021900647,1610612749,1610612741,17747,111,98,15,21,1198,202058,203177,103.7,91.6
646,0021900651,1610612762,1610612754,18306,118,88,11,14,1179,1188,202026,119.2,89.8
647,0021900640,1610612737,1610612761,17300,117,122,34,25,1193,2529,1627541,106.4,110.9
648,0021900649,1610612750,1610612743,12172,100,107,11,18,1628159,1199,200833,106.4,111.5
649,0021900642,1610612766,1610612753,16133,83,106,18,15,2004,1628951,201245,92.2,116.5
650,0021900639,1610612764,1610612765,17305,106,100,23,18,203592,203593,202049,102.9,99.0
651,0021900646,1610612763,1610612740,17794,116,126,19,18,2003,1662,1627961,108.4,117.8
652,0021900653,1610612742,1610612746,19783,107,110,28,21,202056,1151,202058,109.2,111.1
653,0021900665,1610612744,1610612762,18064,96,129,23,19,202053,2714,1627962,98.0,131.6
654,0021900661,1610612741,1610612750,18875,117,110,22,25,202041,1626301,203592,115.8,108.9
655,0021900659,1610612752,1610612747,19812,92,100,23,14,1174,202007,1628159,102.2,109.9
656,0021900664,1610612756,1610612754,14691,87,112,20,20,201640,1155,101283,90.6,115.5
657,0021900657,1610612738,1610612763,19156,119,95,14,16,203593,200832,2715,117.8,94.1
658,0021900655,1610612753,1610612760,18846,114,120,25,17,1199,204058,202035,112.9,120.0
659,0021900662,1610612745,1610612743,18055,121,105,16,21,202026,201639,1628953,121.0,104.0
660,0021900654,1610612765,1610612758,13972,127,106,19,28,1193,1627541,2003,119.8,100.0
661,0021900658,1610612748,1610612764,19600,134,129,18,29,203591,1628954,2529,121.8,116.2
662,0021900656,1610612737,1610612746,14338,102,95,31,20,1830,201245,1627524,101.0,95.0
663,0021900660,1610612761,1610612755,19800,107,95,19,23,200834,1201,2534,109.2,96.9
664,0021900663,1610612740,1610612759,18365,117,121,21,23,1179,2004,202901,113.6,116.3
665,0021900667,1610612751,1610612747,17732,113,128,17,15,201246,1627961,2882,106.6,120.8
666,0021900666,1610612739,1610612764,16689,112,124,21,18,1198,1628159,1151,114.3,124.0
667,0021900668,1610612757,1610612742,19574,125,133,20,17,101284,1626300,202027,125.0,133.0
668,0021900679,1610612744,1610612754,18064,118,129,16,20,101284,1662,1626300,116.8,126.5
669,0021900678,1610612759,1610612756,18354,99,103,22,27,1626302,1628953,1199,103.1,108.4
670,0021900674,1610612741,1610612758,17661,81,98,21,20,204059,1201,201639,85.3,103.2
671,0021900672,1610612752,1610612761,18883,112,118,21,20,1146,1628951,202037,120.4,126.9
672,0021900671,1610612753,1610612738,18846,98,109,14,20,1179,1626301,201638,101.0,112.4
673,0021900673,1610612748,1610612746,19632,117,122,19,21,1193,1627964,2003,115.8,122.0
674,0021900670,1610612765,1610612763,14583,112,125,23,23,2529,202035,201246,113.1,127.6
675,0021900669,1610612766,1610612749,15758,103,116,22,22,202049,2530,1627963,99.0,112.6
676,0021900675,1610612750,1610612745,16101,124,131,26,18,200832,2005,1174,114.8,119.1
677,0021900677,1610612760,1610612737,18203,140,111,20,27,1148,203591,1627962,137.3,109.9
678,0021900676,1610612740,1610612743,16398,106,113,17,19,2715,101283,202056,106.0,114.1
679,0021900684,1610612755,1610612747,21109,108,91,18,18,202026,203592,1830,105.9,90.1
680,0021900682,1610612739,1610612741,19432,106,118,20,16,1627961,2004,200832,107.1,119.2
681,0021900681,1610612765,1610612751,15890,111,121,25,17,1151,201245,1628172,105.7,116.3
682,0021900680,1610612762,1610612742,18306,112,107,21,24,1204,202007,201640,113.1,109.2
683,0021900683,1610612750,1610612760,16236,104,113,21,14,1155,1198,201639,103.0,111.9
684,0021900686,1610612759,1610612761,18354,106,110,15,22,2003,201246,203177,106.0,110.0
685,0021900688,1610612752,1610612751,17831,110,97,23,14,2529,1628954,202053,113.4,100.0
686,0021900689,1610612753,1610612746,15427,97,112,23,26,2534,1188,1626302,102.1,117.9
687,0021900692,1610612757,1610612754,19663,139,129,21,19,202007,1148,1628159,139.0,127.7
688,0021900687,1610612737,1610612764,15567,152,133,35,26,204058,1179,202035,135.7,120.9
689,0021900685,1610612743,1610612745,19520,117,110,23,21,202027,101284,1626300,114.7,107.8
690,0021900690,1610612763,1610612756,17214,114,109,27,27,1201,202041,201638,101.8,97.3
691,0021900691,1610612740,1610612738,16737,123,108,21,29,203591,2714,1193,116.0,102.9
692,0021900695,1610612741,1610612759,16071,110,109,23,12,1830,202037,1628951,113.4,112.4
693,0021900694,1610612748,1610612753,19600,113,92,18,13,1155,204059,101283,124.2,100.0
694,0021900693,1610612765,1610612739,12597,100,115,20,21,201639,202041,202901,101.0,115.0
695,0021900698,1610612762,1610612745,18306,117,126,33,25,1198,1199,1628159,107.3,115.6
696,0021900696,1610612750,1610612758,13449,129,133,27,27,1162,1628172,201245,116.2,122.0
697,0021900697,1610612760,1610612742,18203,97,107,11,16,1146,202026,1627961,98.0,108.1
698,0021900702,1610612755,1610612744,20854,115,104,18,24,1162,200834,1204,109.5,98.1
699,0021900700,1610612739,1610612740,19432,111,125,20,16,1179,1188,203592,108.8,122.5
700,0021900701,1610612748,1610612738,19704,101,109,21,22,203177,202058,2534,103.1,111.2
701,0021900705,1610612749,1610612764,17681,151,131,26,27,201245,202056,2715,141.1,122.4
702,0021900706,1610612742,1610612756,20216,104,133,18,25,204059,2005,2714,103.0,134.3
703,0021900699,1610612766,1610612752,14342,97,92,14,26,204058,2882,203593,102.1,96.8
704,0021900703,1610612761,1610612737,19800,130,114,26,23,202901,1174,1193,118.2,103.6
705,0021900704,1610612763,1610612743,14365,104,96,18,16,202026,1151,1627964,106.1,98.0
706,0021900711,1610612759,1610612762,17887,127,120,27,22,1627541,1146,202027,127.0,116.5
707,0021900710,1610612752,1610612763,18768,106,127,22,22,201639,1626300,1628953,101.9,121.0
708,0021900709,1610612751,1610612765,14275,125,115,19,20,2530,1627962,201638,125.0,115.0
709,0021900712,1610612757,1610612745,19393,125,112,20,23,2148,1830,1201,119.0,104.7
710,0021900708,1610612754,1610612741,17923,115,106,14,17,1628172,201640,203591,109.5,101.0
711,0021900713,1610612758,1610612760,16935,100,120,22,17,1628159,2002,1199,105.3,125.0
712,0021900717,1610612738,1610612744,19156,119,104,24,19,1174,1627961,201245,114.4,100.0
713,0021900719,1610612746,1610612758,19068,103,124,20,21,2005,202037,1151,105.1,124.0
714,0021900714,1610612739,1610612761,17695,109,115,21,20,1204,200834,101284,106.9,111.7
715,0021900716,1610612737,1610612755,15227,127,117,29,21,2003,203593,201638,117.6,108.3
716,0021900718,1610612743,1610612762,19520,106,100,16,17,2715,1626301,204059,111.6,106.4
717,0021900715,1610612764,1610612766,15013,121,107,22,24,2534,202053,1627964,123.5,109.2
718,0021900726,1610612747,1610612757,18997,119,127,21,22,2002,2005,1199,110.2,117.6
719,0021900725,1610612756,1610612760,17260,107,111,25,24,1830,202037,202056,109.2,112.1
720,0021900721,1610612751,1610612741,17732,133,118,21,21,1198,1627963,1146,130.4,113.5
721,0021900722,1610612745,1610612742,18055,128,121,20,18,203592,202058,2530,126.7,121.0
722,0021900720,1610612765,1610612761,17356,92,105,12,27,1627964,1162,203591,95.8,109.4
723,0021900724,1610612749,1610612743,18141,115,127,14,19,1628954,2714,202053,105.5,117.6
724,0021900723,1610612740,1610612763,18362,139,111,22,21,2882,202027,203177,129.9,104.7
725,0021900734,1610612759,1610612766,18615,114,90,14,18,1627524,202026,2530,117.5,92.8
726,0021900732,1610612738,1610612755,19156,116,95,20,27,1626300,202041,201639,118.4,96.9
727,0021900727,1610612746,1610612750,19068,118,106,30,20,1628159,2715,204059,110.3,99.1
728,0021900729,1610612753,1610612748,18846,89,102,19,16,202007,1627541,2529,97.8,112.1
729,0021900730,1610612739,1610612744,18410,112,131,15,16,2003,1628172,204058,110.9,129.7
730,0021900735,1610612757,1610612762,19603,124,107,19,17,1628951,1179,201246,127.8,111.5
731,0021900728,1610612754,1610612752,17923,85,92,20,20,1162,1193,1204,93.4,98.9
732,0021900733,1610612742,1610612737,20328,123,100,14,15,1201,101284,1626302,123.0,99.0
733,0021900736,1610612758,1610612747,17583,113,129,24,22,202056,1830,202049,111.9,127.7
734,0021900731,1610612764,1610612751,18196,113,107,20,22,1174,200832,202901,110.8,105.9
735,0021900738,1610612745,1610612740,18055,117,109,18,16,2002,1148,1155,109.3,100.9
736,0021900737,1610612765,1610612743,15488,128,123,22,19,101283,1627961,202027,125.5,120.6
737,0021900739,1610612749,1610612756,17754,129,108,25,24,200834,2882,1626301,119.4,101.9
738,0021900740,1610612761,1610612741,19800,129,102,18,21,2148,203593,201638,133.0,105.2
739,0021900746,1610612751,1610612756,14891,119,97,26,21,201640,1201,202026,119.0,97.0
740,0021900750,1610612746,1610612759,19068,108,105,18,20,202049,2534,1628951,104.9,102.9
741,0021900742,1610612739,1610612752,16303,134,139,18,18,200833,2529,1627963,122.9,127.5
742,0021900747,1610612748,1610612755,19725,137,106,18,21,1188,2714,204058,148.9,115.2
743,0021900743,1610612754,1610612742,15086,103,112,18,15,1628953,200832,2003,108.4,117.9
744,0021900745,1610612737,1610612738,16231,115,123,19,22,1155,101283,202007,113.9,121.8
745,0021900749,1610612758,1610612750,15819,113,109,20,25,1179,201246,202035,117.7,112.4
746,0021900744,1610612764,1610612744,17120,117,125,24,25,2530,1626300,1627524,112.5,120.2
747,0021900741,1610612766,1610612753,12337,100,112,16,12,2148,1174,202901,109.9,121.7
748,0021900748,1610612763,1610612765,14597,96,82,18,13,1626301,1626302,202058,101.1,86.3
749,0021900754,1610612747,1610612759,18997,129,102,15,16,201639,1627962,201246,133.0,105.2
750,0021900752,1610612745,1610612766,18055,125,110,19,18,202027,202056,1151,125.0,108.9
751,0021900753,1610612743,1610612757,19520,127,99,22,22,200834,1162,202037,129.6,100.0
752,0021900751,1610612740,1610612749,15424,108,120,17,19,201245,202041,1199,93.9,105.3
753,0021900757,1610612751,1610612744,14352,129,88,15,14,2714,200833,202058,127.7,88.0
754,0021900756,1610612738,1610612753,19156,116,100,19,13,1830,1626302,1201,120.8,104.2
755,0021900763,1610612746,1610612748,19068,128,111,21,16,1662,1627962,201639,126.7,109.9
756,0021900755,1610612765,1610612756,13707,116,108,15,21,1627524,1198,1148,124.7,117.4
757,0021900762,1610612762,1610612743,18306,95,98,16,17,203593,202049,2534,97.9,101.0
758,0021900761,1610612742,1610612763,20069,107,121,18,24,2715,1627963,201638,107.0,121.0
759,0021900759,1610612750,1610612737,10779,120,127,21,22,2148,1628954,2882,109.1,116.5
760,0021900758,1610612761,1610612754,19800,119,118,17,18,1626301,2530,2002,120.2,119.2
761,0021900760,1610612760,1610612739,18203,109,103,15,24,2004,204059,1627541,109.0,103.0
762,0021900768,1610612747,1610612745,18997,111,121,18,22,101283,1162,202053,107.8,118.6
763,0021900765,1610612741,1610612740,18247,119,125,16,20,1628953,200834,1179,111.2,117.9
764,0021900764,1610612752,1610612753,18895,105,103,23,20,1628172,203591,1199,106.1,103.0
765,0021900767,1610612757,1610612759,19653,125,117,19,10,202035,200832,201640,126.3,119.4
766,0021900766,1610612749,1610612755,17928,112,101,18,14,1830,203592,1151,106.7,96.2
767,0021900769,1610612755,1610612763,20779,119,107,25,15,203591,2529,200833,111.2,100.9
768,0021900774,1610612756,1610612745,17043,127,91,15,21,201638,1627963,2534,127.0,90.1
769,0021900771,1610612738,1610612737,19156,112,107,18,21,201246,1628159,2715,113.1,108.1
770,0021900776,1610612762,1610612757,18306,117,114,19,18,201639,1155,101283,117.0,112.9
771,0021900772,1610612754,1610612761,17028,106,115,18,22,1148,2005,202049,105.0,113.9
772,0021900775,1610612758,1610612748,16760,105,97,24,16,200832,202037,2003,110.5,102.1
773,0021900770,1610612764,1610612742,20476,119,118,19,21,204059,1627541,202041,121.4,119.2
774,0021900773,1610612760,1610612765,18203,108,101,23,23,202901,2002,2882,121.3,112.2
775,0021900783,1610612744,1610612747,18064,120,125,27,22,202027,201640,1201,113.2,117.9
776,0021900784,1610612756,1610612743,16843,108,117,18,22,1662,2003,1628954,111.3,119.4
777,0021900777,1610612753,1610612749,16632,95,111,15,11,1627962,1198,202058,91.3,106.7
778,0021900779,1610612765,1610612752,15980,92,95,19,21,1188,202026,2004,103.4,106.7
779,0021900780,1610612754,1610612740,17923,117,124,25,24,204059,1151,202056,111.4,119.2
780,0021900785,1610612758,1610612759,16756,122,102,16,22,202053,2148,204058,129.8,107.4
781,0021900782,1610612750,1610612746,18978,142,115,21,17,2002,1174,1627964,134.0,107.5
782,0021900778,1610612766,1610612742,19370,100,116,13,18,1628951,2714,202049,111.1,127.5
783,0021900781,1610612761,1610612751,19800,119,118,22,16,202007,203592,1179,122.7,121.6
784,0021900788,1610612755,1610612741,21018,118,111,18,24,2714,203593,202026,118.0,111.0
785,0021900790,1610612745,1610612762,18055,113,114,19,14,202037,1627961,2882,116.5,117.5
786,0021900791,1610612739,1610612746,17240,92,133,17,21,203591,201246,1830,89.3,129.1
787,0021900792,1610612757,1610612748,19726,115,109,22,22,1628172,202053,2530,113.9,107.9
788,0021900787,1610612737,1610612752,16309,140,135,24,29,200833,2005,202041,115.7,110.7
789,0021900789,1610612764,1610612763,17251,99,106,22,23,202007,203592,1162,90.0,95.5
790,0021900786,1610612760,1610612738,18203,111,112,21,24,1626300,200832,2529,118.1,119.1
791,0021900800,1610612744,1610612748,18064,101,113,21,19,2148,201638,1148,101.0,111.9
792,0021900801,1610612747,1610612756,18997,125,100,22,19,2530,204058,1628172,125.0,101.0
793,0021900795,1610612753,1610612737,17076,135,126,14,18,201245,1628951,1174,136.4,127.3
794,0021900793,1610612765,1610612766,13941,76,87,18,15,1830,2005,202058,86.4,97.8
795,0021900797,1610612749,1610612758,17463,123,111,18,22,1188,1179,1662,113.9,101.8
796,0021900794,1610612754,1610612751,16761,105,106,21,15,2534,201246,203593,110.5,112.8
797,0021900798,1610612742,1610612762,19793,119,123,18,29,202027,1626300,2529,121.4,125.5
798,0021900799,1610612743,1610612759,19520,127,120,16,17,1151,101284,1201,136.6,127.7
799,0021900796,1610612761,1610612750,19800,137,126,26,19,1162,203177,101283,123.4,114.5
800,0021900802,1610612755,1610612746,20730,110,103,11,19,202049,1155,201640,113.4,104.0
801,0021900806,1610612745,1610612738,18055,116,105,21,26,201639,204059,1198,110.5,100.0
802,0021900803,1610612764,1610612741,15135,126,114,16,22,202058,1199,1628159,117.8,106.5
803,0021900805,1610612760,1610612759,18203,106,114,24,19,202027,2715,1627964,107.1,112.9
804,0021900804,1610612740,1610612757,15739,138,117,20,26,2714,202037,2002,129.0,109.3
805,0021900811,1610612752,1610612764,18835,96,114,27,21,1627524,2534,201245,89.7,106.5
806,0021900815,1610612756,1610612744,15216,112,106,21,20,201246,1179,1204,110.9,103.9
807,0021900809,1610612751,1610612761,15823,101,91,16,20,202041,200832,1155,103.1,92.9
808,0021900808,1610612753,1610612765,16607,116,112,16,20,203591,1146,202037,105.5,101.8
809,0021900807,1610612739,1610612737,16200,127,105,22,26,1662,2882,203177,121.0,101.9
810,0021900816,1610612762,1610612748,18306,116,101,16,22,1627964,1151,204058,117.2,101.0
811,0021900810,1610612754,1610612749,17018,118,111,21,21,1627961,2529,1830,111.3,105.7
812,0021900814,1610612742,1610612758,19842,130,111,18,16,2002,1628954,2530,128.7,112.1
813,0021900817,1610612743,1610612747,19860,116,120,26,22,1148,2148,1626300,111.5,112.1
814,0021900813,1610612750,1610612766,18978,108,115,19,16,202056,101284,2004,106.9,112.7
815,0021900812,1610612763,1610612757,16889,111,104,18,16,202901,201638,1174,107.8,101.0
816,0021900818,1610612738,1610612746,19156,141,133,28,31,1162,203592,202058,112.8,106.4
817,0021900819,1610612740,1610612760,17865,118,123,20,21,200833,202026,201639,115.7,119.4
818,0021900822,1610612755,1610612751,20806,112,104,22,27,200834,1627962,2530,106.7,98.1
819,0021900825,1610612744,1610612745,18064,105,135,16,15,202007,1155,101284,105.0,133.7
820,0021900823,1610612741,1610612766,17463,93,103,23,16,1201,1174,202053,97.9,109.6
821,0021900820,1610612765,1610612749,16097,106,126,23,15,201638,1179,200833,101.9,122.3
822,0021900821,1610612737,1610612748,17356,129,124,27,31,2004,1148,1204,117.3,112.7
823,0021900824,1610612758,1610612763,17078,129,125,21,29,203591,1146,1662,120.6,116.8
824,0021900833,1610612747,1610612763,18997,117,105,24,27,202007,1155,2714,111.4,101.0
825,0021900828,1610612752,1610612754,19812,98,106,26,22,1627963,202037,1162,98.0,106.0
826,0021900826,1610612753,1610612742,18846,106,122,22,14,1193,1628172,2534,102.9,119.6
827,0021900834,1610612757,1610612740,19946,115,128,22,23,1146,203591,2529,111.7,123.1
828,0021900832,1610612762,1610612759,18306,104,113,18,20,202049,1830,203592,101.0,111.9
829,0021900830,1610612750,1610612738,18978,117,127,27,26,1627524,2882,200832,111.4,119.8
830,0021900827,1610612764,1610612739,18895,108,113,26,24,202053,101283,202026,103.8,108.7
831,0021900829,1610612761,1610612756,19800,118,101,20,23,1198,2005,202058,111.3,96.2
832,0021900831,1610612760,1610612743,18203,113,101,19,20,2148,2003,203593,115.3,103.1
833,0021900839,1610612741,1610612756,20506,104,112,29,23,202037,1626300,101283,100.0,108.7
834,0021900835,1610612746,1610612758,19068,103,112,22,24,202027,1628159,101284,98.1,105.7
835,0021900838,1610612748,1610612739,19754,124,105,20,18,1162,1627964,202041,125.3,104.0
836,0021900840,1610612749,1610612755,18290,119,98,16,17,1201,1148,204059,113.3,94.2
837,0021900841,1610612762,1610612745,18306,110,120,14,25,2715,1626301,1662,108.9,118.8
838,0021900837,1610612737,1610612742,17050,111,107,21,22,1179,202901,2002,109.9,105.9
839,0021900836,1610612766,1610612751,19079,86,115,16,20,2882,2004,201637,87.8,117.3
840,0021900847,1610612744,1610612740,18064,101,115,16,15,201246,2714,202035,102.0,115.0
841,0021900842,1610612747,1610612738,18997,114,112,22,29,203592,1830,2529,109.6,107.7
842,0021900845,1610612741,1610612764,18024,126,117,28,27,203177,200834,1146,117.8,108.3
843,0021900848,1610612757,1610612765,19393,107,104,18,17,202049,203593,101284,112.6,110.6
844,0021900844,1610612743,1610612750,19626,128,116,24,16,202007,202056,1174,123.1,112.6
845,0021900843,1610612761,1610612754,19800,127,81,21,20,2534,2148,202053,123.3,78.6
846,0021900846,1610612760,1610612759,18203,131,103,17,23,1204,2530,204058,122.4,97.2
847,0021900850,1610612755,1610612737,20836,129,112,22,26,2534,201637,1198,125.2,108.7
848,0021900852,1610612751,1610612753,16162,113,115,19,11,1627961,1179,2148,115.3,118.6
849,0021900856,1610612746,1610612763,19068,124,97,20,18,201246,2715,203592,122.8,97.0
850,0021900853,1610612745,1610612752,18055,123,112,22,21,2003,203591,1627964,117.1,105.7
851,0021900849,1610612739,1610612748,17336,125,119,20,22,202058,1628954,2002,115.7,110.2
852,0021900855,1610612762,1610612756,18306,111,131,23,31,2714,204059,202056,111.0,131.0
853,0021900854,1610612742,1610612750,19936,139,123,28,22,101283,202037,1626301,124.1,110.8
854,0021900851,1610612764,1610612749,16580,134,137,27,28,1193,202041,2005,112.6,116.1
855,0021900863,1610612744,1610612758,18064,94,112,25,23,1201,1830,202049,95.9,112.0
856,0021900861,1610612747,1610612740,18997,118,109,20,24,203593,2715,200832,106.3,99.1
857,0021900859,1610612741,1610612760,16911,122,124,25,17,2004,202026,1188,127.1,130.5
858,0021900862,1610612757,1610612738,19460,106,118,15,19,1174,204059,1628951,103.9,114.6
859,0021900857,1610612754,1610612766,16088,119,80,17,13,202041,1628953,1146,121.4,80.0
860,0021900860,1610612743,1610612765,19143,115,98,20,26,204058,1627541,2529,123.7,105.4
861,0021900858,1610612761,1610612749,19993,97,108,26,19,1155,201639,2002,94.2,104.9
862,0021900869,1610612759,1610612742,18354,103,109,21,20,2003,202007,1627964,98.1,103.8
863,0021900871,1610612756,1610612746,15157,92,102,17,22,1199,200832,1627541,95.8,106.3
864,0021900870,1610612745,1610612763,18055,140,112,25,16,201637,202037,201640,132.1,106.7
865,0021900865,1610612739,1610612755,16332,108,94,16,11,1179,2005,1626302,116.1,100.0
866,0021900868,1610612748,1610612750,19600,126,129,21,35,202901,1151,2148,117.8,119.4
867,0021900872,1610612762,1610612738,18306,103,114,16,17,200834,202053,2530,114.4,126.7
868,0021900867,1610612737,1610612753,14967,120,130,22,21,101283,203177,202027,116.5,125.0
869,0021900864,1610612766,1610612752,13152,107,101,19,24,202058,1193,1627962,113.8,106.3
870,0021900866,1610612764,1610612751,15021,110,106,26,24,1662,101284,202035,107.8,102.9
871,0021900873,1610612755,1610612752,20175,115,106,17,11,1626301,202026,2004,123.7,116.5
872,0021900876,1610612744,1610612747,18064,86,116,27,17,1174,201245,204059,81.9,109.4
873,0021900874,1610612754,1610612757,16872,106,100,12,21,2714,200833,201246,108.2,101.0
874,0021900875,1610612760,1610612758,18203,112,108,20,33,2529,201638,1627524,115.5,112.5
875,0021900884,1610612756,1610612765,17142,111,113,14,19,2530,2002,201245,116.8,118.9
876,0021900886,1610612746,1610612743,19068,132,103,19,18,2005,2534,200834,133.3,105.1
877,0021900877,1610612753,1610612750,18846,136,125,20,20,1628953,201639,1626302,122.5,112.6
878,0021900880,1610612748,1610612742,19704,126,118,21,25,201640,202049,1198,129.9,120.4
879,0021900882,1610612749,1610612760,18412,133,86,21,15,1626300,101284,202027,123.1,80.4
880,0021900885,1610612762,1610612764,18306,129,119,22,20,1199,200832,203593,124.0,115.5
881,0021900878,1610612737,1610612751,17034,141,118,15,19,1146,202041,202056,135.6,112.4
882,0021900879,1610612761,1610612766,19800,96,99,25,22,1830,1628954,203591,100.0,104.2
883,0021900881,1610612763,1610612758,17794,101,104,16,16,202058,1627964,204058,98.1,103.0
884,0021900883,1610612740,1610612739,18304,116,104,17,13,1151,1188,1193,116.0,105.1
885,0021900893,1610612759,1610612753,18354,114,113,20,16,1174,204059,1628159,111.8,111.9
886,0021900887,1610612752,1610612741,19812,125,115,19,22,2715,1155,201246,133.0,119.8
887,0021900894,1610612756,1610612744,16395,99,115,25,21,202007,2148,202037,101.0,116.2
888,0021900892,1610612738,1610612745,19156,110,111,18,20,200833,2714,101283,102.8,102.8
889,0021900890,1610612739,1610612754,19432,104,113,13,20,2004,1626301,204058,105.1,114.1
890,0021900889,1610612748,1610612751,19600,116,113,21,23,1201,1626302,201639,119.6,116.5
891,0021900888,1610612737,1610612757,17765,129,117,18,26,201640,202049,1627524,124.0,112.5
892,0021900891,1610612763,1610612747,17794,105,88,14,13,2003,201638,1204,111.7,93.6
893,0021900901,1610612744,1610612764,18064,110,124,24,20,200834,1179,2005,106.8,118.1
894,0021900897,1610612746,1610612755,19068,136,130,17,28,202053,2002,2530,137.4,131.3
895,0021900899,1610612758,1610612765,17499,106,100,20,25,200832,2534,1628951,110.4,104.2
896,0021900898,1610612743,1610612761,19777,133,118,22,24,202027,1199,1626300,129.1,114.6
897,0021900896,1610612750,1610612742,18058,91,111,17,16,1830,1627961,1193,85.8,105.7
898,0021900895,1610612766,1610612749,19149,85,93,18,11,202026,1662,1198,87.6,95.9
899,0021900900,1610612740,1610612747,18547,114,122,11,26,2529,1146,1627962,106.5,115.1
900,0021900908,1610612759,1610612754,17635,111,116,19,20,1151,202056,1830,116.8,122.1
901,0021900907,1610612741,1610612742,18407,109,107,21,20,202058,1626302,203593,112.4,108.1
902,0021900903,1610612752,1610612745,18142,125,123,19,20,201639,201638,202035,116.8,115.0
903,0021900904,1610612753,1610612757,18078,107,130,11,24,1201,204058,202041,107.0,131.3
904,0021900902,1610612739,1610612762,15453,113,126,18,17,1204,2715,203591,117.7,131.3
905,0021900906,1610612748,1610612749,19600,105,89,19,18,2004,203592,1146,107.1,91.8
906,0021900905,1610612737,1610612763,16207,88,127,21,16,201245,1628172,2714,84.6,119.8
907,0021900915,1610612747,1610612755,18997,120,107,18,17,200833,101283,2534,123.7,109.2
908,0021900914,1610612756,1610612761,15553,114,123,22,25,200834,1188,1179,106.5,113.9
909,0021900910,1610612738,1610612751,19156,120,129,30,26,202049,203591,101284,107.1,116.2
910,0021900916,1610612758,1610612764,16419,133,126,24,22,2530,2002,202053,124.3,116.7
911,0021900913,1610612743,1610612744,19520,100,116,26,23,201246,1628951,201640,105.3,123.4
912,0021900909,1610612766,1610612759,12008,103,104,16,16,1626301,201245,2529,113.2,113.0
913,0021900912,1610612760,1610612746,18203,94,109,22,22,1627962,202007,1662,97.9,110.1
914,0021900911,1610612740,1610612750,15264,134,139,18,22,203592,204058,202041,121.8,125.2
915,0021900921,1610612752,1610612762,16588,104,112,18,20,1626302,1628954,2882,109.5,116.7
916,0021900920,1610612751,1610612763,16941,79,118,17,15,204059,1174,202026,83.2,122.9
917,0021900917,1610612739,1610612738,16897,106,112,19,20,1162,1627961,1198,110.4,117.9
918,0021900919,1610612748,1610612753,19600,116,113,17,17,202037,200832,2714,124.7,121.5
919,0021900925,1610612757,1610612764,19393,125,104,24,29,2148,2003,1628159,123.8,103.0
920,0021900918,1610612765,1610612760,15138,107,114,21,18,1151,202049,1627964,110.3,118.8
921,0021900924,1610612749,1610612754,17695,119,100,14,18,1204,1199,202058,106.3,90.9
922,0021900923,1610612742,1610612740,20459,127,123,17,23,202007,1201,1148,112.4,108.8
923,0021900922,1610612750,1610612741,13392,115,108,15,19,2004,1626300,1146,116.2,108.0
924,0021900929,1610612744,1610612761,18064,113,121,23,24,2534,200833,101283,107.6,113.1
925,0021900927,1610612745,1610612746,18055,105,120,25,25,1193,1179,1830,100.0,113.2
926,0021900928,1610612758,1610612755,15485,108,125,21,18,1188,201640,202027,106.9,125.0
927,0021900926,1610612766,1610612743,13311,112,114,23,21,202056,204059,101284,120.4,122.6
928,0021900939,1610612747,1610612749,18997,113,103,27,32,201640,1626301,2148,99.1,90.4
929,0021900934,1610612741,1610612754,20229,102,108,25,16,1155,203592,2715,101.0,106.9
930,0021900932,1610612752,1610612760,19499,103,126,20,18,1627961,2530,200832,105.1,128.6
931,0021900938,1610612756,1610612757,15522,127,117,22,19,200833,201639,201638,128.3,118.2
932,0021900931,1610612751,1610612759,16277,139,120,22,20,1626300,201246,1148,128.7,112.1
933,0021900933,1610612738,1610612762,19156,94,99,13,19,1174,204058,201245,100.0,105.3
934,0021900937,1610612742,1610612763,20370,121,96,11,15,202049,1199,202053,121.0,96.0
935,0021900935,1610612750,1610612753,14315,118,132,21,18,2002,203593,2003,114.6,129.4
936,0021900930,1610612764,1610612737,17856,118,112,19,25,202037,1146,1198,116.8,110.9
937,0021900936,1610612740,1610612748,18384,110,104,25,23,202058,1662,2005,107.8,101.0
938,0021900944,1610612744,1610612755,18064,118,114,19,21,1627962,2004,1162,126.9,122.6
939,0021900942,1610612739,1610612743,19432,104,102,17,19,2529,201245,202901,110.6,107.4
940,0021900941,1610612765,1610612762,16590,105,111,23,19,1627961,101284,1193,114.1,120.7
941,0021900945,1610612757,1610612758,19691,111,123,16,23,202035,101283,2534,111.0,124.2
942,0021900940,1610612766,1610612745,19159,108,99,15,25,1628953,202007,2714,117.4,107.6
943,0021900943,1610612763,1610612737,17117,118,101,18,24,203593,202041,1179,110.3,95.3
944,0021900955,1610612752,1610612765,18361,96,84,16,19,2003,202037,2005,104.3,93.3
945,0021900950,1610612756,1610612749,17282,140,131,23,29,1627964,1151,202049,133.3,124.8
946,0021900946,1610612751,1610612741,15916,110,107,24,31,204058,202058,1628951,105.8,101.9
947,0021900949,1610612738,1610612760,19156,104,105,25,22,2715,1155,2002,102.0,105.0
948,0021900948,1610612746,1610612747,19068,103,112,26,28,201639,202027,201638,103.0,110.9
949,0021900953,1610612745,1610612753,18055,106,126,23,17,202053,1662,202026,101.9,121.2
950,0021900954,1610612739,1610612759,17995,132,129,24,34,200832,1188,2714,110.9,110.3
951,0021900952,1610612742,1610612754,20324,109,112,17,23,200833,2530,204059,107.9,109.8
952,0021900956,1610612758,1610612761,16449,113,118,22,22,1162,1204,203591,111.9,119.2
953,0021900947,1610612750,1610612740,18978,107,120,23,23,200834,1199,1627541,93.0,104.3
954,0021900951,1610612764,1610612748,18135,89,100,26,25,1174,1628953,202007,93.7,105.3
955,0021900959,1610612762,1610612761,18306,92,101,20,14,2004,201638,1179,95.8,106.3
956,0021900957,1610612737,1610612766,14399,143,138,26,22,201246,200832,2882,132.4,125.5
957,0021900958,1610612743,1610612749,19838,109,95,20,15,1830,1201,101283,104.8,89.6
958,0021900967,1610612744,1610612746,18064,107,131,17,19,1151,1146,203591,108.1,132.3
959,0021900965,1610612759,1610612742,18354,119,109,15,19,201639,202027,202037,120.2,109.0
960,0021900968,1610612747,1610612751,18997,102,104,22,18,202053,1627962,1162,105.2,108.3
961,0021900962,1610612741,1610612739,17837,108,103,21,15,201246,200833,1199,109.1,105.1
962,0021900963,1610612745,1610612750,18055,117,111,20,20,1627524,2882,2529,113.6,108.8
963,0021900966,1610612757,1610612756,19393,121,105,17,16,202056,202026,1148,121.0,105.0
964,0021900960,1610612754,1610612738,17053,111,114,20,15,2148,201640,1626302,113.3,116.3
965,0021900961,1610612764,1610612752,15048,122,115,25,29,2714,1626300,204058,118.4,110.6
966,0021900964,1610612763,1610612753,15388,115,120,22,26,2530,204059,203592,112.7,117.6
967,0021900971,1610612755,1610612765,20172,124,106,18,24,2148,1662,203592,131.9,111.6
968,0021900970,1610612748,1610612766,19600,98,109,17,9,202041,203177,2715,107.7,118.5
969,0021900969,1610612737,1610612752,15393,131,136,25,23,2002,1174,1201,114.9,116.2
970,0021900973,1610612742,1610612743,20302,113,97,14,20,202058,1193,101284,114.1,98.0
971,0021901232,1610612747,1610612746,,103,101,27,30,1162,202007,2529,100.0,99.0
972,0021901231,1610612740,1610612762,,104,106,25,23,2534,202058,1193,103.0,103.9
973,0021901237,1610612759,1610612758,,129,120,17,25,1155,1146,2148,120.6,111.1
974,0021901233,1610612751,1610612753,,118,128,25,23,2003,1626302,2002,113.5,123.1
975,0021901234,1610612757,1610612763,,140,135,36,26,1662,204058,2714,123.9,118.4
976,0021901236,1610612749,1610612738,,119,112,26,28,201638,1148,202041,111.2,106.7
977,0021901238,1610612742,1610612745,,149,153,36,31,1830,200834,1179,125.2,128.6
978,0021901235,1610612764,1610612756,,112,125,26,24,1201,1151,2530,103.7,115.7
979,0021901241,1610612746,1610612740,,126,103,28,23,201639,202049,2005,120.0,99.0
980,0021901242,1610612754,1610612755,,127,121,25,30,203591,202027,2715,121.0,116.3
981,0021901239,1610612743,1610612748,,105,125,32,28,201640,202058,203592,106.1,123.8
982,0021901243,1610612761,1610612747,,107,92,28,25,101283,1626300,1148,102.9,89.3
983,0021901240,1610612760,1610612762,,110,94,21,21,204059,1627962,1162,113.4,94.9
984,0021901249,1610612756,1610612742,,117,115,29,22,201638,2003,202041,111.4,109.5
985,0021901244,1610612751,1610612764,,118,110,24,31,1146,2148,201246,118.0,108.9
986,0021901245,1610612738,1610612757,,128,124,21,25,2004,1830,202053,132.0,125.3
987,0021901247,1610612753,1610612758,,132,116,25,28,202026,2530,1151,125.7,111.5
988,0021901248,1610612745,1610612749,,120,116,24,23,1626302,2529,2534,113.2,109.4
989,0021901246,1610612763,1610612759,,106,108,27,20,2882,200832,202037,101.9,102.9
990,0021901254,1610612755,1610612759,,132,130,25,23,202058,1626300,200834,126.9,125.0
991,0021901250,1610612748,1610612761,,103,107,24,19,1201,2714,202027,103.0,108.1
992,0021901255,1610612762,1610612747,,108,116,29,24,2715,201245,202049,104.9,112.6
993,0021901252,1610612764,1610612754,,100,111,19,15,1179,2002,203592,101.0,112.1
994,0021901251,1610612760,1610612743,,113,121,32,29,1193,101284,203591,105.6,112.0
995,0021901253,1610612740,1610612763,,109,99,20,32,1148,202007,1627962,104.8,94.3
996,0021901258,1610612746,1610612756,,115,117,16,21,200832,202053,2882,115.0,118.2
997,0021901260,1610612748,1610612738,,112,106,19,26,101283,1146,202026,117.9,111.6
998,0021901261,1610612757,1610612745,,110,102,21,26,201246,2148,201640,106.8,100.0
999,0021901256,1610612749,1610612751,,116,119,19,26,202037,201639,204058,106.4,112.3
1000,0021901259,1610612754,1610612753,,120,109,17,22,1155,1662,201638,121.2,112.4
1001,0021901257,1610612758,1610612742,,110,114,37,21,2005,2004,204059,100.9,107.5
1002,0021901264,1610612759,1610612743,,126,132,20,21,202041,1627962,2530,124.8,132.0
1003,0021901265,1610612747,1610612760,,86,105,24,23,2002,1830,1626302,84.3,102.9
1004,0021901267,1610612738,1610612751,,149,115,23,22,1151,2714,1201,136.7,106.5
1005,0021901266,1610612753,1610612761,,99,109,26,21,203591,202058,1193,96.1,104.8
1006,0021901262,1610612762,1610612763,,124,115,23,28,1626300,2529,2534,117.0,110.6
1007,0021901263,1610612764,1610612755,,98,107,26,21,201245,2003,202007,96.1,104.9
1008,0021901270,1610612756,1610612754,,114,99,20,22,201640,202026,202049,110.7,96.1
1009,0021901273,1610612745,1610612747,,113,97,28,20,1162,202027,203592,106.6,92.4
1010,0021901269,1610612749,1610612748,,130,116,21,28,202053,2715,204059,121.5,109.4
1011,0021901271,1610612742,1610612746,,111,126,17,21,204058,101283,1148,116.8,131.3
1012,0021901268,1610612758,1610612740,,140,125,20,26,200834,1155,101284,137.3,123.8
1013,0021901272,1610612743,1610612757,,115,125,22,18,201639,1662,2005,121.1,133.0
1014,0021901277,1610612755,1610612753,,108,101,20,24,2534,200832,201246,110.2,104.1
1015,0021901274,1610612759,1610612762,,119,111,18,19,1193,1626302,2003,113.3,105.7
1016,0021901276,1610612751,1610612758,,119,106,23,26,2882,202007,1626300,116.7,105.0
1017,0021901279,1610612761,1610612738,,100,122,18,22,201640,202041,1627962,94.3,117.3
1018,0021901275,1610612763,1610612760,,121,92,19,20,1146,201245,201638,121.0,92.0
1019,0021901278,1610612740,1610612764,,118,107,19,27,2530,203591,2529,114.6,103.9
1020,0021901283,1610612748,1610612756,,112,119,21,21,200834,202058,202037,110.9,119.0
1021,0021901280,1610612757,1610612746,,117,122,26,22,203592,2002,1162,115.8,120.8
1022,0021901282,1610612754,1610612747,,116,111,21,16,1201,201639,2004,113.7,108.8
1023,0021901284,1610612742,1610612749,,136,132,26,26,1151,1155,2714,117.2,114.8
1024,0021901281,1610612743,1610612762,,134,132,24,30,2148,1830,202026,110.7,110.0
1025,0021901288,1610612738,1610612753,,122,119,19,25,2005,202049,2529,110.9,106.3
1026,0021901291,1610612746,1610612751,,120,129,19,25,204059,1146,1626302,122.4,129.0
1027,0021901289,1610612757,1610612755,,124,121,16,23,202027,202053,101284,121.6,118.6
1028,0021901290,1610612758,1610612745,,112,129,22,18,1627962,2715,1662,101.8,116.2
1029,0021901286,1610612761,1610612763,,108,99,23,27,2882,201246,204058,100.9,92.5
1030,0021901285,1610612760,1610612764,,121,103,18,18,202041,200832,1626300,122.2,104.0
1031,0021901287,1610612740,1610612759,,113,122,26,27,201640,201245,101283,105.6,111.9
1032,0021901296,1610612747,1610612743,,124,121,18,20,1151,1155,2534,137.8,133.0
1033,0021901292,1610612756,1610612760,,128,101,23,23,203591,2004,201639,118.5,92.7
1034,0021901295,1610612748,1610612754,,114,92,20,19,203592,2002,2003,110.7,90.2
1035,0021901294,1610612749,1610612761,,106,114,21,27,202026,1162,2148,99.1,108.6
1036,0021901293,1610612762,1610612742,,114,122,19,23,2530,200834,1201,122.6,131.2
1037,0021901299,1610612755,1610612756,,117,130,20,18,1830,202007,1626302,128.6,139.8
1038,0021901298,1610612759,1610612745,,123,105,20,19,204058,2529,101284,107.9,92.1
1039,0021901297,1610612753,1610612751,,96,108,24,20,1148,1627962,201638,95.0,106.9
1040,0021901300,1610612742,1610612757,,131,134,23,31,201640,202049,201245,124.8,125.2
1041,0021901302,1610612758,1610612740,,112,106,22,18,1146,202027,202053,109.8,103.9
1042,0021901303,1610612764,1610612749,,113,126,23,26,202058,202037,101283,105.6,116.7
1043,0021901301,1610612763,1610612738,,107,122,15,27,2715,1626300,200832,110.3,127.1
1044,0021901305,1610612755,1610612761,,121,125,29,23,1193,2714,204059,115.2,119.0
1045,0021901304,1610612745,1610612754,,104,108,20,25,1151,2530,202026,95.4,99.1
1046,0021901307,1610612743,1610612746,,111,124,19,25,200834,2004,101284,114.4,127.8
1047,0021901306,1610612760,1610612748,,116,115,19,23,2148,2882,201246,116.0,113.9
1048,0021901310,1610612747,1610612758,,122,136,18,15,101283,1148,201638,115.1,128.3
1049,0021901313,1610612756,1610612742,,128,102,14,18,202053,2534,1662,132.0,106.3
1050,0021901309,1610612751,1610612757,,133,134,23,21,2715,204058,202037,127.9,128.8
1051,0021901308,1610612738,1610612764,,90,96,19,19,2003,2002,203592,90.9,97.0
1052,0021901312,1610612753,1610612740,,133,127,22,22,1201,202041,201639,130.4,125.7
1053,0021901314,1610612762,1610612759,,118,112,23,20,203591,1162,202027,116.8,112.0
1054,0021901311,1610612763,1610612749,,119,106,18,22,202049,1830,2005,108.2,96.4
1055,0021901317,1610612746,1610612760,,107,103,22,29,1193,2714,202007,94.7,89.6
1056,0021901315,1610612745,1610612755,,96,134,18,19,201640,2004,201246,93.2,128.8
1057,0021901316,1610612754,1610612748,,109,92,27,15,201245,204059,101284,107.9,91.1
1058,0021901318,1610612761,1610612743,,117,109,24,15,2529,200832,1146,117.0,109.0
